cuce,entidad,tipo_de_contratacion,modalidad,objeto_de_contratacion,estado,subasta,fecha_presentacion,fecha_publicacion,persona_contacto,fecha_adjudicacion_desierta,departamento,normativa
23-0015-01-1372013-1-1,Policia Boliviana,Servicios Generales,CM,Contratación De Servicio De Trasporte De Traslado De Dotacion De Viveres Gestión 2023 Desde Tarija A Comando Frontera Policía De Yacuiba,Vigente,False,2023-10-04,2023-10-01,Felix Senon Villca Colquillo (Telf: 2-433211),,La Paz,NB-SABS (D.S.0181)
23-1225-00-1372562-1-1,Gobierno Autonomo Municipal De Ancoraimes,Consultoria,OF,Auditoria Externa Del Proyecto “Construcción Puente Vehicular Pacharia”,Vigente,False,2023-10-17,2023-10-01,Walter Loza Quispe (Telf: 22135347),,La Paz,Otra Normativa especifica nacional
23-1225-00-1372563-1-1,Gobierno Autonomo Municipal De Ancoraimes,Consultoria,OF,Auditoria Externa Del Proyecto “Construcción Puente Pacoma Grande”,Vigente,False,2023-10-17,2023-10-01,Walter Loza Quispe (Telf: 22135347),,La Paz,Otra Normativa especifica nacional
23-1276-00-1372426-1-1,Gobierno Autonomo Municipal De Mapiri,Obras,ANPE,Mej. Sistema De Agua Potable Arroyo Arco Iris Comunidad Chilliza,Vigente,False,2023-10-06,2023-10-01,Jhonny Quenta Colmena (Telf: 67033666),,La Paz,NB-SABS (D.S.0181)
23-1423-00-1372560-1-1,Gobierno Autonomo Municipal De Toledo,Obras,LP,Mantenimiento De Camino Tramo: Cr. F-12 - Quisiñoca - Rosapata,Vigente,False,2023-10-20,2023-10-01,Valerio Fernandez Ubina (Telf: 73819586),,Oruro,NB-SABS (D.S.0181)
23-1532-00-1325123-3-1,Gobierno Autonomo Municipal De Porco,Bienes,ANPP,Adquisicion De Vehiculo Para El Ejecutivo Municipal Del G.A.M. Porco,Vigente,True,2023-10-12,2023-10-01,Noelia Guzman Padilla (Telf: 26137119),,Potosi,NB-SABS (D.S.0181)
23-1532-00-1337026-3-1,Gobierno Autonomo Municipal De Porco,Bienes,ANPP,Adquisicion De Compresora De Aire Y Perforador Para El G.A.M. Porco,Vigente,True,2023-10-12,2023-10-01,Noelia Guzman Padilla (Telf: 26137119),,Potosi,NB-SABS (D.S.0181)
22-0781-00-1372759-0-E,Servicio Municipal De Agua Potable Y Alcantarillado - Semapa,Consultoria,CM,"Supervisión De Proyecto Mej. Red Agua Pot. Otbs:Petrolero, Villa Progreso, Cerro Verde. Central D6",Contratado,False,,2023-10-02,Lourdes Consuelo Urena Leyes (Telf: 4292857 int.420),,Cochabamba,NB-SABS (D.S.0181)
22-1331-00-1372753-0-E,Gobierno Autonomo Municipal De Totora,Consultoria,CM,Consultor Individual De Linea: Cajera Contable (Gestion 2023),Contratado,False,,2023-10-02,Ariel Limachi Mora (Telf: 4341002-4136464-4341240),,Cochabamba,NB-SABS (D.S.0181)
23-0006-00-1372732-0-E,Vicepresidencia Del Estado Plurinacional,Consultoria,CM,Consultoria Individual De Linea Asistente De Correccion Ortotipografica,Contratado,False,,2023-10-02,Carmen Rosa Reynolds Soria (Telf: 22142802),,La Paz,NB-SABS (D.S.0181)
23-0016-00-1371245-0-E,Ministerio De Educación,Servicios Generales,CD,Servicio De Publicación De Separata: “Convocatoria A La Institucionalización De Cargos Directivos Del Sistema Educativo Plurinacional”,Contratado,False,,2023-10-02,Israel Mauricio Castillo Averanga (Telf: 2442144   -   2441752),,La Paz,NB-SABS (D.S.0181)
23-0016-00-1372593-1-1,Ministerio De Educación,Servicios Generales,ANPP,Contratacion De Una Empresa Para El Servicio De Elaboracion De Pruebas Tecnicas Y Lectura Optica Para El Proceso De Examen De Institucionalizacion De Cargos Directivos,Vigente,True,2023-10-13,2023-10-02,Evert Basilio Velarde Flores (Telf: 2442144   -   2441752),,La Paz,NB-SABS (D.S.0181)
23-0020-21-1372725-1-1,Armada Boliviana,Bienes,CM,"Adquisición De Lubricantes Y Grasas Para El Mantenimiento De 1er. Escalón A Las Maquinas Principales Y Auxiliares De Las Uu.Ss. Fft. N°2 Tdd, Correspondiente Al Cuarto Trimestre De La Presente Gestión",Vigente,False,2023-10-05,2023-10-02,David Ayala Apulaca (Telf: 2751712),,La Paz,NB-SABS (D.S.0181)
23-0020-21-1372763-1-1,Armada Boliviana,Bienes,CM,Adquisición De Una Hélice Para El Remolcador Tnr-12,Vigente,False,2023-10-05,2023-10-02,Richard Franco Charca Hinojosa (Telf: 2751712),,La Paz,NB-SABS (D.S.0181)
23-0025-00-1357800-2-1,Ministerio De La Presidencia,Bienes,ANPP,Adquisición De Cartuchos De Baterías Para Las Ups´S Del Ministerio De La Presidencia,Vigente,True,2023-10-12,2023-10-02,Bismarck Omar Torrico Araujo (Telf: 2184183),,La Paz,NB-SABS (D.S.0181)
23-0025-00-1361656-2-1,Ministerio De La Presidencia,Bienes,ANPE,"Adquisición De Equipos De Comunicación Radial E Instalación Eléctrica Para La Radio Nuevo Amanecer- Monteagudo Para El Programa ""Fortalecimiento Y Ampliación Del Sistema Nacional De Radios De Los Pueblos Originarios (Rpos) Y Medios Estatales De Radio Difusión""",Vigente,True,2023-10-06,2023-10-02,Bismarck Omar Torrico Araujo (Telf: 2184183),,La Paz,NB-SABS (D.S.0181)
23-0025-00-1372861-1-1,Ministerio De La Presidencia,Servicios Generales,CM,Servicio De Mantenimiento E Instalacion De Mamparas Para El Viceministerio De Comunicación,Vigente,False,2023-10-05,2023-10-02,Bismarck Omar Torrico Araujo (Telf: 2184183),,La Paz,NB-SABS (D.S.0181)
23-0025-00-1372866-0-E,Ministerio De La Presidencia,Servicios Generales,CD,Servicio De Difusión En Medio Digital Ii: Diario Digital Tarija Conecta De Danitza Pamela Montaño Tococari (Tarija Conecta),Contratado,False,,2023-10-02,Lluviana Vianka Terrazas Romero (Telf: 2184183),,La Paz,NB-SABS (D.S.0181)
23-0025-08-1372576-0-E,Gaceta Oficial De Bolivia,Servicios Generales,CD,Impresión Del Boletín De Propiedad Intelectual Correspondiente Al Mes De Julio De 2023,Contratado,False,,2023-10-02,Karina Torrez Nina (Telf: 2147936),,La Paz,NB-SABS (D.S.0181)
23-0025-19-1368758-0-E,Unidad De Proyectos Especiales - Upre - Ministerio De La Presidencia,Consultoria,CD,Supervision De Obras Civiles - Const. Unidad Educativa Cuchumuela - Villa Gualberto Villarroel,Contratado,False,,2023-10-02,Marcelo Ayala Luna (Telf: 2146146 - 2146164),,La Paz,D.S. 2511 Programa Bolivia Cambia
23-0025-19-1372757-0-E,Unidad De Proyectos Especiales - Upre - Ministerio De La Presidencia,Consultoria,CD,Fiscalizacion De Obras Civiles - Const. U.E. Nueva Jerusalen - D7 Puerto Villarroel,Contratado,False,,2023-10-02,Marcelo Ayala Luna (Telf: 2146146 - 2146164),,La Paz,D.S. 2511 Programa Bolivia Cambia
23-0025-19-1372838-0-E,Unidad De Proyectos Especiales - Upre - Ministerio De La Presidencia,Consultoria,CD,Fiscalizacion De Obras Civiles -  Const. Centro De Salud Integral Santa Rosa - Villa Huacaya,Contratado,False,,2023-10-02,Marcelo Ayala Luna (Telf: 2146146 - 2146164),,La Paz,D.S. 2511 Programa Bolivia Cambia
23-0035-01-1372267-1-1,Servicio De Impuestos Nacionales,Bienes,ANPE,Adquisición De Accesorios Para Gateway De Voz,Vigente,True,2023-10-09,2023-10-02,Elvira Gutierrez Mamani (Telf: 2606060 ),,La Paz,NB-SABS (D.S.0181)
23-0035-01-1372855-1-1,Servicio De Impuestos Nacionales,Bienes,CM,"Adquisicion De Tones Para Las Iniciativas ""Control Masivo (Omisos, Morosos Y Notificaciones) Gestion 2023"" Y ""Diferencias A Favor Del Fisco Por Control De Creditos Pagos En Defecto Y Conciliaciones Sigma/Sigep De Declaraciones Juradas - Gestion 2023"" De La Gerencia Distrital La Paz Ii",Vigente,False,2023-10-05,2023-10-02,Daysi Veronica Mamani Morales (Telf: 2606060 ),,La Paz,NB-SABS (D.S.0181)
23-0041-05-1333299-1-2,Pro-Bolivia,Bienes,ANPP,"Adquisicion De Tanques De Recepcion, Saborizado Y Procesos, Bombas Centrifuga Y Positiva, Envasadora, Tina Quesera, Mesa De Desuerado, Prensa De Quesos, Estantes, Compresor De Aire, Banco De Agua Helada, Caldero, Sellador Al Vacio, Tratamiento De Agua, Cip Y Camara De Refrigeración Para La Implementación De Un Centro Integral De Transformación De Derivados Lácteos Para La Asociación De Productores Lecheros Modulo Central Chojñacollo ¿Aplemoch¿ En El Municipio De Pucarani Departamento De La Paz",Vigente,True,2023-10-13,2023-10-02,Angelica Concepcion Trujillo Blanco (Telf: 2146687),,La Paz,NB-SABS (D.S.0181)
23-0041-05-1372839-1-1,Pro-Bolivia,Bienes,ANPP,"Adquisición De Bomba De Transferencia De Leche, Tina De Queso Doble Camisa, Mesa De Desuerado, Filtro De Leche En Línea, Tanque Isotérmico Para Yogurt, Prensa De Queso, Generador De Agua Caliente, Generador De Agua Fría, Bomba Positiva Para Yogurt, Envasadora Automática Para Líquidos, Pasteurizador Para Leche, Liras De Acero Inoxidable, Sellador Al Vacío, Pala Para Agitación, Moldes De Queso, Conservador, Para La Iniciativa Productiva De “Aprogaler” En El Departamento De Cochabamba",Vigente,True,2023-10-13,2023-10-02,Angelica Concepcion Trujillo Blanco (Telf: 2146687),,La Paz,NB-SABS (D.S.0181)
23-0041-05-1372863-0-E,Pro-Bolivia,Consultoria,CM,Consultoría Individual Por Producto “Asistencia Técnica En Producción Mas Limpia Con Enfoque Layout – Regional Sur Chuquisaca”,Contratado,False,,2023-10-02,Elena Condori Chura (Telf: 2146687),,La Paz,NB-SABS (D.S.0181)
23-0046-00-1359982-2-1,Ministerio De Salud Y Deportes,Servicios Generales,LP,"Contratación: “Servicios De Impresión De Materiales De Difusión - Caja De Herramientas 1” 
Segunda Convocatoria",Vigente,False,2023-10-31,2023-10-02,Jose Oscar Arteaga Franco (Telf: 2484592),,La Paz,Normativa del Financiador (BID)
23-0046-00-1372590-0-E,Ministerio De Salud Y Deportes,Servicios Generales,CD,"Servicio De Difusion De Spots Televisivos, Cuñas Radiales, Redes Sociales Y Otros Para El Pnsr-Msyd",Contratado,False,,2023-10-02,Sandro Renato Guevara Robles (Telf: 2484592),,La Paz,NB-SABS (D.S.0181)
23-0046-00-1372835-0-E,Ministerio De Salud Y Deportes,Servicios Generales,CD,Alquiler De Oficinas Para El Proyecto De Redes De Servicios De Salud Gestión 2023,Contratado,False,,2023-10-02,Edwin Jhonny Quisbert Lima (Telf: 2484592),,La Paz,NB-SABS (D.S.0181)
23-0047-00-1372702-1-1,Ministerio De Desarrollo Rural Y Tierras,Bienes,ANPP,Adquisición De Máquinas Secadoras Y Seleccionadoras De Hojas Y Granos Para Apoyo A La Producción Agrícola Con La Provisión De Máquinas Secadoras Y Seleccionadoras De Hojas Y Granos Federación Trópico Municipio De Villa Tunari Del Departamento De Cochabamba,Vigente,True,2023-10-13,2023-10-02,Armando Calderon Martinez (Telf: 2200919-2200885-2111103),,La Paz,NB-SABS (D.S.0181)
23-0047-00-1372745-1-1,Ministerio De Desarrollo Rural Y Tierras,Bienes,ANPP,Adquisición De Mallas De Arrastre Para Apoyo A La Producción Piscícola Con La Provisión De Mallas De Arrastre Federación Trópico Municipio De Villa Tunari Del Departamento De Cochabamba,Vigente,True,2023-10-13,2023-10-02,Jhezbel Neyza Lima Severich (Telf: 2200919-2200885-2111103),,La Paz,NB-SABS (D.S.0181)
23-0047-00-1372848-1-1,Ministerio De Desarrollo Rural Y Tierras,Bienes,ANPP,Adquisición De Fumigadoras Y Desbrozadoras Para Apoyo A La Producción Agropecuaria Con La Provisión De Fumigadoras Y Desbrozadoras Federación Yungas Chapare Municipio De Villa Tunari Del Departamento De Cochabamba,Vigente,True,2023-10-13,2023-10-02,Jhezbel Neyza Lima Severich (Telf: 2200919-2200885-2111103),,La Paz,NB-SABS (D.S.0181)
23-0047-00-1372862-1-1,Ministerio De Desarrollo Rural Y Tierras,Bienes,ANPP,"Adquisición De Máquinas Secadoras Y Seleccionadoras De Hojas Y Granos Para Apoyo A La Producción Agrícola Con La Provisión De Máquinas Secadoras Y Seleccionadoras De Hojas Y Granos, Central Unificada Federación Carrasco Tropical Municipio De Puerto Villarroel Del Departamento De Cochabamba",Vigente,True,2023-10-13,2023-10-02,Armando Calderon Martinez (Telf: 2200919-2200885-2111103),,La Paz,NB-SABS (D.S.0181)
23-0047-18-1371634-0-E,Institucion Publica Desconcentrada Soberania Alimentaria,Bienes,CD,Adquisicion De Vaquillas Para La Asociacion De Productores Ganaderos Interculturales Rurrenabaque “Asprogain-Rbq” Para El Proyecto Fortalecimiento De Pequeños Productores Con Sistemas De Produccion Pecuario (Bovino) A Nivel Nacional,Contratado,False,,2023-10-02,David Guzman Vargas (Telf: 2914704 - 2914631 - 32 - 33),,La Paz,NB-SABS (D.S.0181)
23-0047-18-1372849-1-1,Institucion Publica Desconcentrada Soberania Alimentaria,Bienes,ANPE,Adquisicion De Alimento Balanceado Para La Comunidad Agroganadera Calderilla Del Municipio Villazon Para El Proyecto Fortalecimiento De Pequeños Productores Con Sistemas De Producción Pecuario (Bovino) A Nivel Nacional,Vigente,True,2023-10-09,2023-10-02,Ancelmo Choque Pereira (Telf: 2914704 - 2914631 - 32 - 33),,La Paz,NB-SABS (D.S.0181)
23-0047-19-1372854-0-E,Unidad Ejecutora Procamqui,Consultoria,CM,Consultoria Individual De Linea Tecnico Iv - Tecnico De Campo De Transferencias De Paquetes Tecnologicos Iv - Oruro,Contratado,False,,2023-10-02,Fernando Martinez Guerra (Telf: 2200919),,La Paz,NB-SABS (D.S.0181)
23-0047-19-1372859-0-E,Unidad Ejecutora Procamqui,Consultoria,CM,Consultoria Individual De Linea Tecnico Iv - Tecnico De Campo De Transferencia De Paquetes Tecnologicos V Oruro - La Paz,Contratado,False,,2023-10-02,Fernando Martinez Guerra (Telf: 2200919),,La Paz,NB-SABS (D.S.0181)
23-0081-16-1364581-1-2,Administradora De Terminal Terrestre Santa Cruz,Servicios Generales,CM,Mantenimiento Y Reparacion De Aires Acondicionado Tipo Industrial Y Conductos (Salon De Actos - Sistema),Vigente,False,2023-10-05,2023-10-02,Luis Fernando Escobar Nuñez (Telf: 3488448),,Santa Cruz,NB-SABS (D.S.0181)
23-0081-61-1372785-1-1,Unidad Tecnica Aeroportuaria - Uta,Consultoria,LP,"Supervisión Técnica Y Socio Ambiental Para La Construcción Del Parque Lineal Metropolitano La Paz – El Alto (Plm) Tramos 2, 3 Y 4",Vigente,False,2023-10-31,2023-10-02,Ivan Pena Yujra (Telf: 2156631),,La Paz,NB-SABS (D.S.0181)
23-0086-00-1366349-2-1,Ministerio De Medio Ambiente Y Agua ,Consultoria,ANPE,"Consultoria Por Producto: ""Elaboracion De Una Guia Para La Implementacion De Los Sistemas De Monitoreo Y Vigilancia Hidrica (Simovh)""",Vigente,False,2023-10-09,2023-10-02,Andrea Karim Velarde Villegas (Telf: 2115571),,La Paz,NB-SABS (D.S.0181)
23-0086-10-1371056-0-E,Ucep Mi Riego,Consultoria,CM,Especialista Ingeniero Civil Regional Cochabamba-Santa Cruz,Contratado,False,,2023-10-02,Esther Georgina Pizarroso Aruquipa (Telf: 2145792),,La Paz,NB-SABS (D.S.0181)
23-0086-10-1371071-0-E,Ucep Mi Riego,Consultoria,CM,Profesional Vi En Comunicación Y Redes Sociales-Ucep Mi Riego,Contratado,False,,2023-10-02,Esther Georgina Pizarroso Aruquipa (Telf: 2145792),,La Paz,NB-SABS (D.S.0181)
23-0086-10-1371277-0-E,Ucep Mi Riego,Consultoria,CM,Profesional En Meracado,Contratado,False,,2023-10-02,Esther Georgina Pizarroso Aruquipa (Telf: 2145792),,La Paz,NB-SABS (D.S.0181)
23-0086-10-1372568-0-E,Ucep Mi Riego,Consultoria,CM,Especialista Ingeniero Agronomo Regional La Paz Ucep Mi Riego,Contratado,False,,2023-10-02,Orietta Sandra Aramayo Mercado (Telf: 2145792),,La Paz,NB-SABS (D.S.0181)
23-0086-10-1372842-0-E,Ucep Mi Riego,Consultoria,CM,Profesional Ingeniero Agronomo Regional Tarija-Ucep Mi Riego,Contratado,False,,2023-10-02,Esther Georgina Pizarroso Aruquipa (Telf: 2145792),,La Paz,NB-SABS (D.S.0181)
23-0086-12-1359629-2-1,Programa Piloto De Resiliencia Climatica - Ppcr,Consultoria,ANPE,Estudio De Diseño Técnico De Preinversion Manejo Integral De La Microcuenca Layuri – K’Ala Jahuira Del Municipio De Achocalla,Vigente,False,2023-10-09,2023-10-02,"Odilia Flores Reyes (Telf: 2124743, 2124364, 2124796)",,La Paz,NB-SABS (D.S.0181)
23-0132-00-1371419-0-E,Servicio De Desarrollo De Las Empresas Públicas Productivas,Bienes,CD,Ecebol Planta Potosi – Adquisición De Equipos Basicos Para Mantenimiento Mecánico – Gestión 2023,Contratado,False,,2023-10-02,Aldem Rodrigo Quispe Quispe (Telf: 2147001 - 2145707),,La Paz,Otra Normativa especifica nacional
23-0138-00-1371527-1-1,Universidad Mayor Real Y Pontificia De San Francisco Xavier,Bienes,ANPE,Segunda Adquisición De Insumos E Instrumental Medico Para La Unidad De Almacén Del Hospital Universitario Sfx.,Vigente,True,2023-10-09,2023-10-02,Nestor Pallares Saavedra (Telf: 6451970),,Chuquisaca,NB-SABS (D.S.0181)
23-0139-00-1372609-0-E,Universidad Mayor De San Andres - Umsa,Consultoria,CM,Consultor Individual De Línea – Profesional Iii – Gestor Administrativo En Sistemas  Informáticos Para La Carrera De Psicología,Contratado,False,,2023-10-02,Marizol Antonia Kuno Perca (Telf: 2441994),,La Paz,NB-SABS (D.S.0181)
23-0139-00-1372760-1-1,Universidad Mayor De San Andres - Umsa,Servicios Generales,CM,Impresion Y Elaboracion De Mochilas Para El Diplomado En Desarrollo Humano En La Gestion Universitaria -Facultad De Humanidades,Vigente,False,2023-10-05,2023-10-02,Marizol Antonia Kuno Perca (Telf: 2441994),,La Paz,NB-SABS (D.S.0181)
23-0140-00-1366208-2-1,Universidad Publica De El Alto Upea,Consultoria,ANPE,Consultores Por Producto – Programa Complementario De Musica,Vigente,False,2023-10-06,2023-10-02,Ruben Limachi Chiquipa (Telf: 2-844233),,La Paz,NB-SABS (D.S.0181)
23-0140-00-1370845-1-1,Universidad Publica De El Alto Upea,Bienes,ANPP,Fortalecimiento Academico En Los Espacios De Enseñanza Y Aprendizaje De La Carrera De Ciencias De La Educacion,Vigente,True,2023-10-12,2023-10-02,Juan Cabezas Lovera (Telf: 2-844233),,La Paz,NB-SABS (D.S.0181)
23-0140-00-1371113-1-1,Universidad Publica De El Alto Upea,Bienes,ANPP,Equipamiento Del Laboratorio De Tecnicas Anatomicas Y De Plastinacion Para El Area De Ciencias De La Salud,Vigente,True,2023-10-12,2023-10-02,Juan Cabezas Lovera (Telf: 2-844233),,La Paz,NB-SABS (D.S.0181)
23-0140-00-1372779-1-1,Universidad Publica De El Alto Upea,Bienes,ANPP,Equipamiento Del Laboratorio De Computacion De La Carrera De Cs. De La Educacion,Vigente,True,2023-10-12,2023-10-02,Edgar Alfonso Flores Mamani (Telf: 2-844233),,La Paz,NB-SABS (D.S.0181)
23-0145-00-1369537-1-2,Universidad Autonoma Juan Misael Saracho,Consultoria,ANPP,Construccion Y Equipamiento Centro De Convenciones Campus Universitario Uajms: Supervision,Vigente,False,2023-10-13,2023-10-02,Norma Flores Sanchez (Telf: 466-43232- INTERNO 404),,Tarija,NB-SABS (D.S.0181)
23-0206-05-1372631-0-E,Fortalecimiento Del Sistema Estadístico Del Estado Plurinacional De Bolivia,Consultoria,OF,Especialista De Seguimiento Y Control De Protocolos De Capacitacion,Contratado,False,,2023-10-02,Felix Espinoza Merida (Telf: 2222333),,La Paz,Normativa del Financiador
23-0206-05-1372783-1-1,Fortalecimiento Del Sistema Estadístico Del Estado Plurinacional De Bolivia,Servicios Generales,ANPE,Servicio De Mantenimiento De Vehículos Potosí,Vigente,False,2023-10-06,2023-10-02,Edwing Vargas Limachi (Telf: 2222333),,La Paz,NB-SABS (D.S.0181)
23-0221-00-1372685-1-1,Servicio Nacional De Registro Y Control De La Comercializacion De Minerales Y Metales - Senarecom,Bienes,ANPE,Adquisicion De Toners Para Las Nuevas Impresoras De La Oficina Nacional Del Senarecom,Vigente,True,2023-10-09,2023-10-02,Freddy Yujra Pinto (Telf: 2000704),,La Paz,NB-SABS (D.S.0181)
23-0266-00-1372741-1-1,Direccion Departamental De Educacion La Paz,Servicios Generales,CM,Contratación De Servicio De Mudanza  Para El Area De Legalizaciones Y Diplomas De Bachiller De La Unidad De Asuntos Administrativos,Vigente,False,2023-10-05,2023-10-02,Freddy  Loza  Poma  (Telf: 2202650),,La Paz,NB-SABS (D.S.0181)
23-0283-00-1364030-2-1,Aduana Nacional,Servicios Generales,ANPE,Servicio De Actualización De Software De Equipos De Laboratorio,Vigente,True,2023-10-09,2023-10-02,Shirley Pamela Alvarez Espinoza (Telf: 2128008),,La Paz,NB-SABS (D.S.0181)
23-0283-17-1367911-1-1,Aduana Nacional Regional Santa Cruz,Consultoria,ANPE,Consultoría Individual De Linea Para La Inventariación Y Tasación De Mercancías Comisadas Para La Gerencia Regional Santa Cruz – Administracion Aduana Interior Santa Cruz,Vigente,False,2023-10-09,2023-10-02,Severina Zambrana Ramos (Telf: 3425333),,Santa Cruz,NB-SABS (D.S.0181)
23-0283-17-1372569-0-E,Aduana Nacional Regional Santa Cruz,Bienes,CD,Adquisición De Combustible Para Los Vehículos Oficiales Y Generadores De Energía Eléctrica De La Unidad De Control Operativo Aduanero,Contratado,False,,2023-10-02,Severina Zambrana Ramos (Telf: 3425333),,Santa Cruz,NB-SABS (D.S.0181)
23-0287-06-1365588-2-1,Fondo Nacional De Inversion Productiva Y Social  -  Santa Cruz,Consultoria,ANPP,Supervision Tec. Const. Y Equipamiento De Planta Procesadora De Almidon Y Harina De Yuca En El Municipio (San Miguel De Velasco),Vigente,False,2023-10-13,2023-10-02,Norberto Borda Ricaldez (Telf: 3355095),,Santa Cruz,NB-SABS (D.S.0181)
23-0287-07-1345964-2-2,Fondo Nacional De Inversion Productiva Y Social - Pando,Obras,LP,"¿Const. Y Equipamiento De Una Procesadora De Derivados Del Cacao (Chocolate En Pasta, Aceite De Cacao Y Abono) En El Municipio (Agua Dulce (C. Pto. Gonzalo Moreno)).¿",Vigente,False,2023-10-23,2023-10-02,Iris Guadalupe Cabrera Holanda (Telf: 8421246),,Pando,NB-SABS (D.S.0181)
23-0291-00-1372584-0-E,Administradora Boliviana De Carreteras (Abc),Consultoria,CM,Consultor Individual De Linea Para El Seguimiento Y Coordinacion De Financiamiento Externo,Contratado,False,,2023-10-02,Adalid Bejarano Salas (Telf: 2159800),,La Paz,NB-SABS (D.S.0181)
23-0293-00-1372774-1-1,Fundacion Cultural Del Banco Central De Bolivia ,Bienes,CM,Adquisición De Tóner Y Starter Para La Imprenta Digital De La Fc-Bcb,Vigente,False,2023-10-05,2023-10-02,Maria Guadalupe Quintanilla Quelca (Telf: 02-2424148),,La Paz,NB-SABS (D.S.0181)
23-0310-00-1372744-0-E,Autoridad De Regulacion Y Fiscalizacion De Telecomunicaciones Y Transportes - Att,Servicios Generales,EX,Servicio De Alquiler De Espacio Dentro Del Campo Ferial Expocruz,Contratado,False,,2023-10-02,Sonia Flora Najera Tarqui (Telf: 2772266),,La Paz,NB-SABS (D.S.0181)
23-0389-00-1372846-1-1,Navegacion Aerea Y Aeropuertos Bolivianos,Servicios Generales,LP,"Servicio De Mantenimiento Del Pavimento En Plataforma, Calles De Rodaje Y Pista Del Aeropuerto Internacional El Alto",Vigente,True,2023-10-23,2023-10-02,Iberth Orlando Medrano Aguilar (Telf: 2351305),,La Paz,NB-SABS (D.S.0181)
23-0411-00-1362219-2-1,Corporacion Del Seguro Social Militar - Cossmil,Bienes,CM,Adquisicion De Videolaringoscopio (Pediatrico) Gestion 2023 Para La Macro Regional Cossmil Cochabamba,Vigente,False,2023-10-05,2023-10-02,Jael  Pamela Alvarez Teran (Telf: 2900071),,La Paz,NB-SABS (D.S.0181)
23-0411-00-1362231-2-1,Corporacion Del Seguro Social Militar - Cossmil,Bienes,CM,"Adquisicion De Videolaringoscopio (Adulto) Gestion 2023, Para La Macro Regional Cossmil Cochabamba",Vigente,False,2023-10-05,2023-10-02,Jael  Pamela Alvarez Teran (Telf: 2900071),,La Paz,NB-SABS (D.S.0181)
23-0411-00-1366458-2-1,Corporacion Del Seguro Social Militar - Cossmil,Bienes,ANPE,"Adquisicion De Equipo De Hemodialisis Para El Hospital Militar Central ""Cossmil""",Vigente,True,2023-10-09,2023-10-02,Cecilia Chura De Mamani (Telf: 2900071),,La Paz,NB-SABS (D.S.0181)
23-0411-00-1372581-1-1,Corporacion Del Seguro Social Militar - Cossmil,Bienes,ANPE,Adquisicion De Equipo De Aire Acondicionados Para El Hospital N°2 De La Macro Regional Cossmil Santa Cruz,Vigente,True,2023-10-10,2023-10-02,Yocelin Rojas Montenegro (Telf: 2900071),,La Paz,NB-SABS (D.S.0181)
23-0411-00-1372641-1-1,Corporacion Del Seguro Social Militar - Cossmil,Bienes,ANPE,Adquisicion De Vitrinas Para El Hospital N°2 De La Macro Regional Cossmil Santa Cruz,Vigente,True,2023-10-10,2023-10-02,Yocelin Rojas Montenegro (Telf: 2900071),,La Paz,NB-SABS (D.S.0181)
23-0411-00-1372698-1-1,Corporacion Del Seguro Social Militar - Cossmil,Bienes,ANPE,Adquisicion De Equipo De Carro De Paro Con Desfibrilador Para El Hospital Militar N°2 De La  Macro Regional Cossmil Santa Cruz,Vigente,True,2023-10-11,2023-10-02,Yocelin Rojas Montenegro (Telf: 2900071),,La Paz,NB-SABS (D.S.0181)
23-0417-01-1372843-1-1,Caja Nacional De Salud (Regional Tarija),Bienes,CM,"Adquisicion De Dos Holter Cardiaco, Para El Servicio De Cardiologia Del Cimfa 15 De Abril",Vigente,False,2023-10-05,2023-10-02,Sandra Villena Ramos (Telf: 6642940),,Tarija,NB-SABS (D.S.0181)
23-0417-01-1372852-1-1,Caja Nacional De Salud (Regional Tarija),Bienes,CM,"Adquisicion De 4 Items, Reactivos Easy Lite Xpand Y 1 Items Fosfatasa Alcalina, Para Laboratorio Paise Lourdes",Vigente,False,2023-10-05,2023-10-02,Sandra Villena Ramos (Telf: 6642940),,Tarija,NB-SABS (D.S.0181)
23-0417-04-1334134-4-1,Caja Nacional De Salud Regional Cochabamba,Bienes,ANPE,Ambientador Liquido 5 Lts.,Vigente,True,2023-10-06,2023-10-02,David Orlando Costas Urey (Telf: 4234378),,Cochabamba,NB-SABS (D.S.0181)
23-0417-04-1352062-2-2,Caja Nacional De Salud Regional Cochabamba,Bienes,ANPP,Estantes Rack Pesado,Vigente,True,2023-10-13,2023-10-02,Marcela Katherine Valdivia Humerez (Telf: 4234378),,Cochabamba,NB-SABS (D.S.0181)
23-0417-04-1372643-1-1,Caja Nacional De Salud Regional Cochabamba,Bienes,ANPP,Lineas Arterio Venosas,Vigente,True,2023-10-12,2023-10-02,Marcela Katherine Valdivia Humerez (Telf: 4234378),,Cochabamba,NB-SABS (D.S.0181)
23-0417-04-1372647-1-1,Caja Nacional De Salud Regional Cochabamba,Bienes,ANPP,Filtro Para Hemodialisis,Vigente,True,2023-10-12,2023-10-02,Marcela Katherine Valdivia Humerez (Telf: 4234378),,Cochabamba,NB-SABS (D.S.0181)
23-0417-04-1372656-1-1,Caja Nacional De Salud Regional Cochabamba,Bienes,ANPP,Detergente Liquido,Vigente,True,2023-10-12,2023-10-02,Marcela Katherine Valdivia Humerez (Telf: 4234378),,Cochabamba,NB-SABS (D.S.0181)
23-0417-04-1372671-1-1,Caja Nacional De Salud Regional Cochabamba,Bienes,ANPE,Mejora De La Red Convergente Del Cis Sacaba,Vigente,True,2023-10-06,2023-10-02,Boris Javier Alarcon Hinojosa (Telf: 4234378),,Cochabamba,NB-SABS (D.S.0181)
23-0417-09-1335453-2-2,Caja Nacional De Salud - Regional La Paz,Bienes,ANPP,6 Pza. Camas Pediátricas. Servicio Pediatría Clínica Hode Materno Infantil,Vigente,True,2023-10-12,2023-10-02,Denis Arturo Apaza Chuquimia (Telf: 2-901777),,La Paz,NB-SABS (D.S.0181)
23-0417-09-1349729-3-1,Caja Nacional De Salud - Regional La Paz,Bienes,ANPE,1 Set. Instrumental Para Cirugía De Cabeza Y Cuello. Administración Hode Oncológico,Vigente,True,2023-10-06,2023-10-02,Denis Arturo Apaza Chuquimia (Telf: 2-901777),,La Paz,NB-SABS (D.S.0181)
23-0417-09-1361550-1-2,Caja Nacional De Salud - Regional La Paz,Servicios Generales,ANPP,1 Svc. Impresión De Material Informático Y De Prevención.  Unidad De Relaciones Publicas - Regional La Paz,Vigente,True,2023-10-12,2023-10-02,Cristian Daniel Urquizo Medrano (Telf: 2-901777),,La Paz,NB-SABS (D.S.0181)
23-0417-09-1361569-2-1,Caja Nacional De Salud - Regional La Paz,Bienes,ANPE,1 Equipo. Refrigerador Grado Medico. Servicio De Farmacia Hode Oncologico,Vigente,True,2023-10-06,2023-10-02,Cristian Daniel Urquizo Medrano (Telf: 2-901777),,La Paz,NB-SABS (D.S.0181)
23-0417-09-1362848-2-1,Caja Nacional De Salud - Regional La Paz,Bienes,ANPE,1 Equipo. Autoclave De Piso Con Capacidad De 47 Litros. Servicio De Laboratorio – Hode Materno Infantil,Vigente,True,2023-10-06,2023-10-02,Denis Arturo Apaza Chuquimia (Telf: 2-901777),,La Paz,NB-SABS (D.S.0181)
23-0417-09-1362982-2-1,Caja Nacional De Salud - Regional La Paz,Bienes,ANPP,1 Equipo Videoendoscopia Con Gastroscopio. Cimfa 9 De Abril,Vigente,True,2023-10-12,2023-10-02,Denis Arturo Apaza Chuquimia (Telf: 2-901777),,La Paz,NB-SABS (D.S.0181)
23-0417-09-1372750-1-1,Caja Nacional De Salud - Regional La Paz,Bienes,CM,5 Items Herramientas Menores. Unidad De Sistemas Regional La Paz,Vigente,False,2023-10-05,2023-10-02,David Colque Mamani (Telf: 2-901777),,La Paz,NB-SABS (D.S.0181)
23-0417-09-1372766-1-1,Caja Nacional De Salud - Regional La Paz,Bienes,CM,1 Equipo Analizador De Microalbuminuria Y Hemoglobina. Servicio De Laboratorio. Cimfa Manco Kapac,Vigente,False,2023-10-05,2023-10-02,David Colque Mamani (Telf: 2-901777),,La Paz,NB-SABS (D.S.0181)
23-0417-09-1372791-1-1,Caja Nacional De Salud - Regional La Paz,Bienes,CM,2 Pieza Rack De Apilamiento Para Bombas De Infusión De 4 Espacios. Área De Trasplante De Médula Ósea. Hode Matero Infantil,Vigente,False,2023-10-05,2023-10-02,David Colque Mamani (Telf: 2-901777),,La Paz,NB-SABS (D.S.0181)
23-0423-00-1367406-1-1,Caja De Salud De Caminos Y Ramas Anexas,Servicios Generales,CM,Contratación De Servicios De Estudios De Imagenología Clínico Hospitalarios Etapa Vi Para La Caja De Salud De Caminos Y R.A. - Regional Cochabamba,Vigente,False,2023-10-05,2023-10-02,Justo Oscar Dominguez Cruz (Telf: 2916539),,La Paz,NB-SABS (D.S.0181)
23-0423-00-1367408-1-1,Caja De Salud De Caminos Y Ramas Anexas,Servicios Generales,CM,Contratación De Servicios Clínico Hospitalarios De Unidad De Terapia Intensiva Etapa Vi Para La Caja De Salud De Caminos Y R.A. - Regional Cochabamba,Vigente,False,2023-10-05,2023-10-02,Justo Oscar Dominguez Cruz (Telf: 2916539),,La Paz,NB-SABS (D.S.0181)
23-0423-00-1371375-1-1,Caja De Salud De Caminos Y Ramas Anexas,Bienes,ANPP,Adquisición De Medicamentos E Insumos Médicos Para Almacén De Farmacia – Regional Cochabamba,Vigente,True,2023-10-16,2023-10-02,Maria Marlene Camacho Gonzales (Telf: 2916539),,La Paz,NB-SABS (D.S.0181)
23-0423-00-1372398-1-1,Caja De Salud De Caminos Y Ramas Anexas,Bienes,ANPP,Adquisicion De Medicamentos E Insumos Medicos Gestion 2023 - Oficina Nacional Cuarto Trimestre,Vigente,True,2023-10-13,2023-10-02,Maria Marlene Camacho Gonzales (Telf: 2916539),,La Paz,NB-SABS (D.S.0181)
23-0435-00-1372596-1-1,Seguro Integral De Salud Sinec,Servicios Generales,LP,Servicios Medicos Recurrentes Hospitalarios Para La Gestion 2024,Vigente,True,2023-10-24,2023-10-02,Susy Lizondo Balon (Telf: 3323173),,Santa Cruz,NB-SABS (D.S.0181)
23-0513-00-1369992-0-E,Yacimientos Petroliferos Fiscales Bolivianos - Ypfb,Servicios Generales,OF,Servicio De Calibración Y Mantenimiento De Equipos De Laboratorio De Psl Río Grande,Contratado,False,,2023-10-02,Claudia Maldonado Quisbert (Telf: 2358802),,La Paz,Otra Normativa especifica nacional
23-0513-00-1372583-0-E,Yacimientos Petroliferos Fiscales Bolivianos - Ypfb,Servicios Generales,OF,"Servicio De Mantenimiento Correctivo Con Recableado, Ductaje, Mandos A Distancia Y Otros Desde Tablero Principal A Manifold De Glp, Líquidos Y Área Administrativa De Planta Yacuiba",Contratado,False,,2023-10-02,Franklin Adilzon Gutierrez Choque (Telf: 2358802),,La Paz,Otra Normativa especifica nacional
23-0513-00-1372612-0-E,Yacimientos Petroliferos Fiscales Bolivianos - Ypfb,Bienes,OF,Adquisición De Repuestos Para Dispenser De Gnv,Contratado,False,,2023-10-02,Franklin Adilzon Gutierrez Choque (Telf: 2358802),,La Paz,Otra Normativa especifica nacional
23-0513-00-1372623-0-E,Yacimientos Petroliferos Fiscales Bolivianos - Ypfb,Bienes,OF,Adquisicion De Llantas Para Vehiculos De La Uglp - Dcor,Contratado,False,,2023-10-02,Fernando Alonso Hurtado Aguilar (Telf: 2358802),,La Paz,Otra Normativa especifica nacional
23-0513-00-1372628-0-E,Yacimientos Petroliferos Fiscales Bolivianos - Ypfb,Servicios Generales,OF,Servicio De Preservación De Inmuebles Oruro - 2023,Contratado,False,,2023-10-02,Claudia Maldonado Quisbert (Telf: 2358802),,La Paz,Otra Normativa especifica nacional
23-0513-00-1372630-0-E,Yacimientos Petroliferos Fiscales Bolivianos - Ypfb,Servicios Generales,OF,"Servicio De Transporte De Garrafas A Las Comunidades Del Chaco Y Estaciones De Servicio San Martin, Carapari - Gestión 2023",Contratado,False,,2023-10-02,Franklin Adilzon Gutierrez Choque (Telf: 2358802),,La Paz,Otra Normativa especifica nacional
23-0513-00-1372652-0-E,Yacimientos Petroliferos Fiscales Bolivianos - Ypfb,Servicios Generales,OF,"Mantenimiento Mecanico Para Los Vehiculos De Distrito Comercial Tarija Y Zonas Comerciales Dependientes De Yacuiba, Bermejo Y Villa Montes - Gestión 2023",Contratado,False,,2023-10-02,Franklin Adilzon Gutierrez Choque (Telf: 2358802),,La Paz,Otra Normativa especifica nacional
23-0513-00-1372653-0-E,Yacimientos Petroliferos Fiscales Bolivianos - Ypfb,Servicios Generales,OF,Servicio De Operador De Dispenser V - Estacion De Servicio Comarapa Udc-Dcor - Gestion 2023,Contratado,False,,2023-10-02,Jose Antonio Coronado Quintanilla (Telf: 2358802),,La Paz,Otra Normativa especifica nacional
23-0513-00-1372661-0-E,Yacimientos Petroliferos Fiscales Bolivianos - Ypfb,Bienes,OF,Adquisicion De Valvulas Y Accesorios Para Tanques De Glp De La Uglp,Contratado,False,,2023-10-02,Fernando Alonso Hurtado Aguilar (Telf: 2358802),,La Paz,Otra Normativa especifica nacional
23-0513-00-1372664-0-E,Yacimientos Petroliferos Fiscales Bolivianos - Ypfb,Bienes,OF,Adquisicion De Cintas Metricas (Winchas) Para Medicion De Hidrocarburos Liquidos,Contratado,False,,2023-10-02,Franklin Adilzon Gutierrez Choque (Telf: 2358802),,La Paz,Otra Normativa especifica nacional
23-0513-00-1372665-0-E,Yacimientos Petroliferos Fiscales Bolivianos - Ypfb,Consultoria,OF,"Consultoría Individual De Línea: Apoyo Operativo Ii, En Transcripción De Datos I, Udom – Drcb",Contratado,False,,2023-10-02,Sandra Boado Quiroga Rojas (Telf: 2358802),,La Paz,Otra Normativa especifica nacional
23-0513-00-1372667-0-E,Yacimientos Petroliferos Fiscales Bolivianos - Ypfb,Servicios Generales,OF,Servicio De Operador De Dispenser Ix - Estacion De Servicio Puerto Quijarro Udc-Dcor - Gestion 2023,Contratado,False,,2023-10-02,Jose Antonio Coronado Quintanilla (Telf: 2358802),,La Paz,Otra Normativa especifica nacional
23-0513-00-1372672-0-E,Yacimientos Petroliferos Fiscales Bolivianos - Ypfb,Servicios Generales,OF,Servicio De Operador De Dispenser Vii - Estacion De Servicio San Julian Udc-Dcor - Gestion 2023,Contratado,False,,2023-10-02,Jose Antonio Coronado Quintanilla (Telf: 2358802),,La Paz,Otra Normativa especifica nacional
23-0513-00-1372674-0-E,Yacimientos Petroliferos Fiscales Bolivianos - Ypfb,Consultoria,OF,"Consultoría Individual De Línea: Apoyo Operativo Ii Atención Al Usuario Viii, Udom-Drcb",Contratado,False,,2023-10-02,Sandra Boado Quiroga Rojas (Telf: 2358802),,La Paz,Otra Normativa especifica nacional
23-0513-00-1372678-0-E,Yacimientos Petroliferos Fiscales Bolivianos - Ypfb,Servicios Generales,OF,Servicio De Operador De Dispenser Iv - Estacion De Servicio San Julian Udc-Dcor - Gestion 2023,Contratado,False,,2023-10-02,Jose Antonio Coronado Quintanilla (Telf: 2358802),,La Paz,Otra Normativa especifica nacional
23-0513-00-1372688-0-E,Yacimientos Petroliferos Fiscales Bolivianos - Ypfb,Consultoria,OF,"Consultoría Individual De Línea: Apoyo Operativo Ii, En Lecturación Xxi, Udom - Drcb",Contratado,False,,2023-10-02,Sandra Boado Quiroga Rojas (Telf: 2358802),,La Paz,Otra Normativa especifica nacional
23-0513-00-1372694-0-E,Yacimientos Petroliferos Fiscales Bolivianos - Ypfb,Consultoria,OF,"Consultoría Individual De Línea: Técnico Ii, En Supervisión De Cortes Y Reconexiones Udom-Drcb",Contratado,False,,2023-10-02,Sandra Boado Quiroga Rojas (Telf: 2358802),,La Paz,Otra Normativa especifica nacional
23-0513-00-1372699-0-E,Yacimientos Petroliferos Fiscales Bolivianos - Ypfb,Consultoria,OF,"Consultoría Individual De Línea: Apoyo Operativo Ii, En Lecturación Xiii, Udom – Drcb",Contratado,False,,2023-10-02,Sandra Boado Quiroga Rojas (Telf: 2358802),,La Paz,Otra Normativa especifica nacional
23-0513-00-1372710-0-E,Yacimientos Petroliferos Fiscales Bolivianos - Ypfb,Consultoria,OF,"Consultoría Individual De Línea: Apoyo Operativo Ii, De Fusión En Polietileno V, Udc - Drcb",Contratado,False,,2023-10-02,Sandra Boado Quiroga Rojas (Telf: 2358802),,La Paz,Otra Normativa especifica nacional
23-0513-00-1372711-0-E,Yacimientos Petroliferos Fiscales Bolivianos - Ypfb,Bienes,OF,Adquisición De Repuestos Para El Mantenimiento De La Planta De Gas Y Campos Bermejo-Toro,Contratado,False,,2023-10-02,Cathia Sivelli Pinto Prado (Telf: 2358802),,La Paz,Otra Normativa especifica nacional
23-0513-00-1372765-0-E,Yacimientos Petroliferos Fiscales Bolivianos - Ypfb,Consultoria,OF,"Consultoría Individual De Línea: Apoyo Operativo Ii, En Lecturación Xxxiii, Udom - Drcb",Contratado,False,,2023-10-02,Sandra Boado Quiroga Rojas (Telf: 2358802),,La Paz,Otra Normativa especifica nacional
23-0513-00-1372772-0-E,Yacimientos Petroliferos Fiscales Bolivianos - Ypfb,Consultoria,OF,"Consultoría Individual De Línea: Apoyo Operativo Ii, En Lecturación Xxxv, Udom - Drcb",Contratado,False,,2023-10-02,Sandra Boado Quiroga Rojas (Telf: 2358802),,La Paz,Otra Normativa especifica nacional
23-0513-00-1372777-0-E,Yacimientos Petroliferos Fiscales Bolivianos - Ypfb,Obras,OF,Mantenimiento De Señalización De Red Secundaria Ciudad De Oruro Udom-Dror 2023,Contratado,False,,2023-10-02,Marco Antonio Zambrana Delgadillo (Telf: 2358802),,La Paz,Otra Normativa especifica nacional
23-0513-00-1372787-0-E,Yacimientos Petroliferos Fiscales Bolivianos - Ypfb,Consultoria,OF,"Consultoría Individual De Línea: Apoyo Operativo Ii, En Lecturación Xxviii, Udom - Drcb",Contratado,False,,2023-10-02,Sandra Boado Quiroga Rojas (Telf: 2358802),,La Paz,Otra Normativa especifica nacional
23-0513-00-1372796-0-E,Yacimientos Petroliferos Fiscales Bolivianos - Ypfb,Consultoria,OF,"Consultoría Individual De Línea: Apoyo Operativo Ii, En Lecturación Xxvi, Udom - Drcb",Contratado,False,,2023-10-02,Sandra Boado Quiroga Rojas (Telf: 2358802),,La Paz,Otra Normativa especifica nacional
23-0513-00-1372804-0-E,Yacimientos Petroliferos Fiscales Bolivianos - Ypfb,Consultoria,OF,"Consultoría Individual De Línea: Apoyo Operativo Ii, En Lecturación Vii, Udom – Drcb",Contratado,False,,2023-10-02,Sandra Boado Quiroga Rojas (Telf: 2358802),,La Paz,Otra Normativa especifica nacional
23-0513-00-1372833-0-E,Yacimientos Petroliferos Fiscales Bolivianos - Ypfb,Consultoria,OF,"Consultoría Individual De Línea: Apoyo Operativo Ii, En Lecturación Xxv, Udom - Drcb",Contratado,False,,2023-10-02,Sandra Boado Quiroga Rojas (Telf: 2358802),,La Paz,Otra Normativa especifica nacional
23-0514-00-1334712-2-2,Empresa Nacional De Electricidad - Ende,Bienes,ANPP,Adquisicion De Postes Y Crucetas De Fibra De Vidrio; Regional Cobija - Gestion 2023,Vigente,True,2023-10-12,2023-10-02,Celida Acosta Diaz (Telf: 4520317-2312865),,Cochabamba,NB-SABS (D.S.0181)
23-0514-00-1362828-2-1,Empresa Nacional De Electricidad - Ende,Bienes,ANPP,Compra De Vehiculos Para La Regional Cobija Gestion 2023,Vigente,True,2023-10-12,2023-10-02,Angélica Zambrana Monduela (Telf: 4520317-2312865),,Cochabamba,NB-SABS (D.S.0181)
23-0514-00-1370787-0-E,Empresa Nacional De Electricidad - Ende,Consultoria,CM,Profesional Nivel I - Gdee 1,Contratado,False,,2023-10-02,Nelson Mauricio Alcocer Morales (Telf: 4520317-2312865),,Cochabamba,NB-SABS (D.S.0181)
23-0514-00-1371814-1-1,Empresa Nacional De Electricidad - Ende,Bienes,LP,Adquisicion De Camion - Grua Para El Sistema Cobija Gestion 2023,Vigente,True,2023-10-23,2023-10-02,Celida Acosta Diaz (Telf: 4520317-2312865),,Cochabamba,NB-SABS (D.S.0181)
23-0514-00-1372404-1-1,Empresa Nacional De Electricidad - Ende,Bienes,CM,Adquisición De Material De Escritorio Para El Proyecto Const.  Linea De Transmisión Interconexión San Ignacio De Velasco Al Sin,Vigente,False,2023-10-05,2023-10-02,Gabriela Sonia Lima Mercado (Telf: 4520317-2312865),,Cochabamba,NB-SABS (D.S.0181)
23-0514-00-1372604-0-E,Empresa Nacional De Electricidad - Ende,Consultoria,CM,Auxiliatura Tecnica Administrativa Nivel I - Upnc 1,Contratado,False,,2023-10-02,Nelson Mauricio Alcocer Morales (Telf: 4520317-2312865),,Cochabamba,NB-SABS (D.S.0181)
23-0514-00-1372703-1-1,Empresa Nacional De Electricidad - Ende,Servicios Generales,CM,Servicio De Calibracion De Equipos Patron Portatiles Y Analizadores De Red Trifasicas Y Monofasicas Gestion 2023,Vigente,False,2023-10-05,2023-10-02,Marlene Cotrina Trujillo (Telf: 4520317-2312865),,Cochabamba,NB-SABS (D.S.0181)
23-0525-00-1371170-0-E,Transportes Aereos Bolivianos  - Tab,Consultoria,CM,Jefe De Aseguramiento De La Calidad,Contratado,False,,2023-10-02,Alejandra Mariela Pacheco Rodriguez (Telf: 2792373),,La Paz,NB-SABS (D.S.0181)
23-0525-00-1372677-0-E,Transportes Aereos Bolivianos  - Tab,Bienes,OF,"Adquisicion De Slide Raft Para Ser Instalado En El Servicio (6 ""C"" Check) En La Aeronave Md10-30f Matricula Cp-2791",Contratado,False,,2023-10-02,Eva Aguilar Llanque (Telf: 2792373),,La Paz,D.S. 26688
23-0525-00-1372693-0-E,Transportes Aereos Bolivianos  - Tab,Bienes,OF,Adquisicion De Cylinder Assy-Hydr (Center Door) Para La Aeronave Md10-30f Matricula Cp-2791,Contratado,False,,2023-10-02,Eva Aguilar Llanque (Telf: 2792373),,La Paz,D.S. 26688
23-0525-00-1372701-0-E,Transportes Aereos Bolivianos  - Tab,Bienes,OF,Adquisicion De Valve Assy-High Press Bleed Control Y Coupling Assy Para La Aeronave Md10-30f Matricula Cp-2791,Contratado,False,,2023-10-02,Eva Aguilar Llanque (Telf: 2792373),,La Paz,D.S. 26688
23-0525-00-1372775-0-E,Transportes Aereos Bolivianos  - Tab,Bienes,OF,Adquisicion De Switch Cargo Door Lock Limit Y Plug Fwd Cargo Door Limit Warning Para La Aeronave Md10-30f Matricula Cp-2791,Contratado,False,,2023-10-02,Eva Aguilar Llanque (Telf: 2792373),,La Paz,D.S. 26688
23-0525-00-1372802-0-E,Transportes Aereos Bolivianos  - Tab,Bienes,OF,"Adquisicion De Valve Assy Crossfeed Shutoff Y Seal Para Ser Instalado En El Servicio (6 ""C"" Check) En La Aeronave Md10-30f Matricula Cp-2791",Contratado,False,,2023-10-02,Eva Aguilar Llanque (Telf: 2792373),,La Paz,D.S. 26688
23-0525-00-1372837-0-E,Transportes Aereos Bolivianos  - Tab,Bienes,OF,Adquisicion De Accumulator Y Gauge Assy Para La Aeronave Md10-30f Matricula Cp-2791,Contratado,False,,2023-10-02,Eva Aguilar Llanque (Telf: 2792373),,La Paz,D.S. 26688
23-0525-00-1372851-0-E,Transportes Aereos Bolivianos  - Tab,Bienes,OF,"Adquisicion De Filter Assy Para La Aeronave Md10-30f Matricula Cp-2791 (""6 C"" Check)",Contratado,False,,2023-10-02,Eva Aguilar Llanque (Telf: 2792373),,La Paz,D.S. 26688
23-0525-00-1372853-0-E,Transportes Aereos Bolivianos  - Tab,Bienes,OF,"Adquisicion De Tube Pitot Heater, Gasket Y Packing Para La Aeronave Md10-30f Matricula Cp-2791",Contratado,False,,2023-10-02,Eva Aguilar Llanque (Telf: 2792373),,La Paz,D.S. 26688
23-0525-00-1372856-0-E,Transportes Aereos Bolivianos  - Tab,Bienes,OF,"Adquisicion De Thermostat-Heat Detector Para La Aeronave Md10-30f Matricula Cp-2791 (""6 C"" Check)",Contratado,False,,2023-10-02,Eva Aguilar Llanque (Telf: 2792373),,La Paz,D.S. 26688
23-0525-00-1372858-0-E,Transportes Aereos Bolivianos  - Tab,Bienes,OF,"Adquisicion De Filter Assy - Fluid Press Para La Aeronave Md10-30f Matricula Cp-2791 (""6 C"" Check)",Contratado,False,,2023-10-02,Eva Aguilar Llanque (Telf: 2792373),,La Paz,D.S. 26688
23-0525-00-1372860-0-E,Transportes Aereos Bolivianos  - Tab,Bienes,OF,Adquisicion Link-Hinge Para La Aeronave Md10-30f Matricula Cp-2791,Contratado,False,,2023-10-02,Eva Aguilar Llanque (Telf: 2792373),,La Paz,D.S. 26688
23-0548-00-1371350-1-1,Cofadena Oficina Central,Bienes,ANPE,"Adquisición De Repuestos, Accesorios Y Suministros Para Realizar El Mantenimiento Correctivo Y Preventivo De Equipo Liviano Para La Ejecución De La Minuta De Contrato Nº Emapa-Ual-Cd-145/2023 Suscrito Entre La Unidad Productiva Cofadena Maquinaria Y Emapa",Vigente,True,2023-10-09,2023-10-02,Luis Claudio Condori Castillo (Telf: 2433810),,La Paz,NB-SABS (D.S.0181)
23-0578-00-1371505-0-E,Empresa Publica Nacional Estrategica Boliviana De Aviacion - Bo A,Servicios Generales,CD,(Rep 5269) Contratación De Servicio De Reparación De Repuestos Lote 437,Contratado,False,,2023-10-02,Andrea Zulema Balderrama Bravo (Telf: 4150000),,Cochabamba,NB-SABS (D.S.0181)
23-0578-00-1372567-0-E,Empresa Publica Nacional Estrategica Boliviana De Aviacion - Bo A,Bienes,CD,(Ga-533) Pn: 5-89354-3149,Contratado,False,,2023-10-02,Andrea Zulema Balderrama Bravo (Telf: 4150000),,Cochabamba,NB-SABS (D.S.0181)
23-0578-00-1372571-0-E,Empresa Publica Nacional Estrategica Boliviana De Aviacion - Bo A,Bienes,CD,(He-114) Compra De Equipo Para Cumplir Con El Programa De Mantenimiento De La Flota A330-200.,Contratado,False,,2023-10-02,Andrea Zulema Balderrama Bravo (Telf: 4150000),,Cochabamba,NB-SABS (D.S.0181)
23-0578-00-1372579-0-E,Empresa Publica Nacional Estrategica Boliviana De Aviacion - Bo A,Bienes,CD,(He-118) Compra De Herramienta/Equipo Para El Mantenimiento De Las Aeronaves A330-200.,Contratado,False,,2023-10-02,Andrea Zulema Balderrama Bravo (Telf: 4150000),,Cochabamba,NB-SABS (D.S.0181)
23-0578-00-1372587-0-E,Empresa Publica Nacional Estrategica Boliviana De Aviacion - Bo A,Bienes,CD,(He-134) Compra De Herramienta/Equipo Para El Mantenimiento De Las Aeronaves A330-200.,Contratado,False,,2023-10-02,Andrea Zulema Balderrama Bravo (Telf: 4150000),,Cochabamba,NB-SABS (D.S.0181)
23-0578-00-1372591-0-E,Empresa Publica Nacional Estrategica Boliviana De Aviacion - Bo A,Bienes,CD,(He-133) Compra De Herramienta/Equipo Para El Mantenimiento De Las Aeronaves A330-200.,Contratado,False,,2023-10-02,Andrea Zulema Balderrama Bravo (Telf: 4150000),,Cochabamba,NB-SABS (D.S.0181)
23-0578-00-1372595-0-E,Empresa Publica Nacional Estrategica Boliviana De Aviacion - Bo A,Bienes,CD,(He-131) Compra De Herramienta/Equipo Para El Mantenimiento De Las Aeronaves A330-200.,Contratado,False,,2023-10-02,Andrea Zulema Balderrama Bravo (Telf: 4150000),,Cochabamba,NB-SABS (D.S.0181)
23-0578-00-1372608-0-E,Empresa Publica Nacional Estrategica Boliviana De Aviacion - Bo A,Bienes,CD,(Gm-621) 2-8020-5,Contratado,False,,2023-10-02,Jhonny Vasquez Alvarez (Telf: 4150000),,Cochabamba,NB-SABS (D.S.0181)
23-0578-00-1372610-0-E,Empresa Publica Nacional Estrategica Boliviana De Aviacion - Bo A,Bienes,CD,(Ga-537) Pn:A35860-10,Contratado,False,,2023-10-02,Andrea Zulema Balderrama Bravo (Telf: 4150000),,Cochabamba,NB-SABS (D.S.0181)
23-0578-00-1372613-0-E,Empresa Publica Nacional Estrategica Boliviana De Aviacion - Bo A,Bienes,CD,Ga-555)Pn: A36852,Contratado,False,,2023-10-02,Andrea Zulema Balderrama Bravo (Telf: 4150000),,Cochabamba,NB-SABS (D.S.0181)
23-0578-00-1372615-0-E,Empresa Publica Nacional Estrategica Boliviana De Aviacion - Bo A,Servicios Generales,CD,(Rep 5181) Contratación De Servio De Reparación De Repuestos Lote 438,Contratado,False,,2023-10-02,Elizabeth Triveno Pedro (Telf: 4150000),,Cochabamba,NB-SABS (D.S.0181)
23-0578-00-1372625-0-E,Empresa Publica Nacional Estrategica Boliviana De Aviacion - Bo A,Bienes,CD,(Da-293) 115a1610-1,Contratado,False,,2023-10-02,Jhonny Vasquez Alvarez (Telf: 4150000),,Cochabamba,NB-SABS (D.S.0181)
23-0578-00-1372629-0-E,Empresa Publica Nacional Estrategica Boliviana De Aviacion - Bo A,Bienes,CD,(Rep 5165) Compra De Repuestos Por Intercambio (Flat Exchange) Lote 453,Contratado,False,,2023-10-02,Elizabeth Triveno Pedro (Telf: 4150000),,Cochabamba,NB-SABS (D.S.0181)
23-0578-00-1372633-0-E,Empresa Publica Nacional Estrategica Boliviana De Aviacion - Bo A,Servicios Generales,CD,(Rep 5358) Contratación De Servicio De Reparación De Repuesto Lote 456,Contratado,False,,2023-10-02,Elizabeth Triveno Pedro (Telf: 4150000),,Cochabamba,NB-SABS (D.S.0181)
23-0578-00-1372642-0-E,Empresa Publica Nacional Estrategica Boliviana De Aviacion - Bo A,Bienes,CD,(Ga-520) 289-601-211 ; 5065-10,Contratado,False,,2023-10-02,Jhonny Vasquez Alvarez (Telf: 4150000),,Cochabamba,NB-SABS (D.S.0181)
23-0578-00-1372658-0-E,Empresa Publica Nacional Estrategica Boliviana De Aviacion - Bo A,Bienes,CD,(Gm-630)Pn: 1211318-004,Contratado,False,,2023-10-02,Andrea Zulema Balderrama Bravo (Telf: 4150000),,Cochabamba,NB-SABS (D.S.0181)
23-0578-00-1372663-0-E,Empresa Publica Nacional Estrategica Boliviana De Aviacion - Bo A,Servicios Generales,CD,(Rep 4894) Contratación De Servicio De Reparación De Repuestos Lote 390,Contratado,False,,2023-10-02,Jhonny Vasquez Alvarez (Telf: 4150000),,Cochabamba,NB-SABS (D.S.0181)
23-0578-00-1372666-0-E,Empresa Publica Nacional Estrategica Boliviana De Aviacion - Bo A,Servicios Generales,CD,(Rep 4721) Contratación De Servicio De Reparación De Repuestos Lote 396,Contratado,False,,2023-10-02,Jhonny Vasquez Alvarez (Telf: 4150000),,Cochabamba,NB-SABS (D.S.0181)
23-0578-00-1372670-0-E,Empresa Publica Nacional Estrategica Boliviana De Aviacion - Bo A,Servicios Generales,CD,(Rep 5268) Contratación De Servicio De Reparación De Repuestos Lote 379,Contratado,False,,2023-10-02,Jhonny Vasquez Alvarez (Telf: 4150000),,Cochabamba,NB-SABS (D.S.0181)
23-0578-00-1372675-0-E,Empresa Publica Nacional Estrategica Boliviana De Aviacion - Bo A,Servicios Generales,CD,Servicio De Publicidad Corporativa Canal Tv Off,Contratado,False,,2023-10-02,Carolina Paola Rocabado Loayza (Telf: 4150000),,Cochabamba,NB-SABS (D.S.0181)
23-0578-00-1372695-0-E,Empresa Publica Nacional Estrategica Boliviana De Aviacion - Bo A,Bienes,CD,(He-119) Compra De Equipo Para Cumplir Con El Programa De Mantenimiento De La Flota A330-200.,Contratado,False,,2023-10-02,Andrea Zulema Balderrama Bravo (Telf: 4150000),,Cochabamba,NB-SABS (D.S.0181)
23-0578-00-1372700-0-E,Empresa Publica Nacional Estrategica Boliviana De Aviacion - Bo A,Bienes,CD,(He-116) Compra De Equipo Para Cumplir Con El Programa De Mantenimiento De La Flota A330-200.,Contratado,False,,2023-10-02,Andrea Zulema Balderrama Bravo (Telf: 4150000),,Cochabamba,NB-SABS (D.S.0181)
23-0578-00-1372754-0-E,Empresa Publica Nacional Estrategica Boliviana De Aviacion - Bo A,Servicios Generales,CD,(Rep 5085)Contratación De Servicio De Reparación De Repuestos Lote 347,Contratado,False,,2023-10-02,Jhonny Vasquez Alvarez (Telf: 4150000),,Cochabamba,NB-SABS (D.S.0181)
23-0578-00-1372771-0-E,Empresa Publica Nacional Estrategica Boliviana De Aviacion - Bo A,Servicios Generales,CD,(Rep 5148) Contratacion De Servicio De Reparacion De Repuestos Lote 353,Contratado,False,,2023-10-02,Jhonny Vasquez Alvarez (Telf: 4150000),,Cochabamba,NB-SABS (D.S.0181)
23-0580-00-1372681-1-1,Depósitos Aduaneros Bolivianos ,Bienes,ANPE,Adquisicion De Precintos Aduaneros De Seguridad - Tipo Cable,Vigente,True,2023-10-09,2023-10-02,Maria Eugenia Mamani Mamani (Telf: 2154035),,La Paz,NB-SABS (D.S.0181)
23-0680-00-1372320-1-1,Contraloria General Del Estado ,Servicios Generales,CM,Servicio De Empaste Para Archivo Djbr De La Gerencia Departamental De Santa Cruz,Vigente,False,2023-10-05,2023-10-02,Claudia Parra Mamani (Telf: 2177400),,La Paz,NB-SABS (D.S.0181)
23-0680-00-1372713-1-1,Contraloria General Del Estado ,Bienes,CM,Adquisicion De Cajas Porta Archivador Para Djbr,Vigente,False,2023-10-05,2023-10-02,Decy Angelica Chavez Quispe (Telf: 2177400),,La Paz,NB-SABS (D.S.0181)
23-0682-00-1372682-1-1,Defensoría Del Pueblo,Bienes,CM,Adquisicion De Papel Bond Tamaño Carta Y Tamaño Oficio Para Almacen Central De La Defensoria Del Pueblo,Vigente,False,2023-10-05,2023-10-02,Beatriz Quirhua Quisbert (Telf: 2113600),,La Paz,NB-SABS (D.S.0181)
23-0682-00-1372689-0-E,Defensoría Del Pueblo,Consultoria,EX,"Contratación De Una Empresa Para Realizar La Inventariación, Recodificación Y Revalorización Técnica De Activos Fijos De La Defensoría Del Pueblo",Contratado,False,,2023-10-02,Maria Isabel Vasquez Michel (Telf: 2113600),,La Paz,NB-SABS (D.S.0181)
23-0682-00-1372768-1-1,Defensoría Del Pueblo,Bienes,ANPE,Adquisicion De Toner Para Impresoras Y Fotocopiadoras Para Abastecimiento Del Almacen Central De La Defensoria Del Pueblo,Vigente,True,2023-10-06,2023-10-02,Nelson Nattes Guerrero (Telf: 2113600),,La Paz,NB-SABS (D.S.0181)
23-0802-00-1363814-1-2,Empresa Local De Agua Potable Y Alcantarillado Elapas Sucre - Elapas,Obras,ANPP,"Ampl. Red De Alcantarillado Sanitario D-5 ""Segunda Publicación""",Vigente,False,2023-10-13,2023-10-02,Rene Hidalgo Muñoz (Telf: 6461134-6462833),,Chuquisaca,NB-SABS (D.S.0181)
23-0802-00-1372740-1-1,Empresa Local De Agua Potable Y Alcantarillado Elapas Sucre - Elapas,Bienes,ANPE,Adquisición Tubería De Alta Presión Hdpe Diferentes Diámetros Pn 16 Sdr 11 Y Accesorios Diferentes Diámetros,Vigente,True,2023-10-09,2023-10-02,Rene Hidalgo Muñoz (Telf: 6461134-6462833),,Chuquisaca,NB-SABS (D.S.0181)
23-0862-00-1372690-1-1,Fondo Nacional De Desarrollo Regional - Fndr,Servicios Generales,ANPP,Servicio De Instalacion De Cableado Estructurado Para El Fndr,Vigente,True,2023-10-16,2023-10-02,Milizen Butron Fuentes (Telf: 2417575),,La Paz,NB-SABS (D.S.0181)
23-0902-06-1372222-1-1,Servicio Departamental De Caminos La Paz,Bienes,ANPP,Adquisicion De Repuestos Para Motoniveladoras Caterpillar Maquinarias Del Sedcam La Paz,Vigente,True,2023-10-13,2023-10-02,Jhanett Tania Yujra Aquise (Telf: 2306023),,La Paz,NB-SABS (D.S.0181)
23-0902-43-1372181-1-1,Hospital Del Norte,Bienes,ANPP,Instrumental Quirurgico Menor De Gastroenterologia,Vigente,True,2023-10-13,2023-10-02,Rosmery Apaza Mamani (Telf: 2864070),,La Paz,NB-SABS (D.S.0181)
23-0902-43-1372360-1-1,Hospital Del Norte,Bienes,ANPP,Adquisicion De Medicamentos Para Atencion A Pacientes Hospitalizados,Vigente,True,2023-10-13,2023-10-02,Jose Macario Apaza Huanca (Telf: 2864070),,La Paz,NB-SABS (D.S.0181)
23-0903-06-1372627-1-1,Servicio Departamental De Caminos  - Cochabamba,Bienes,ANPP,Compra De Cemento Asfaltico Pen 85/100 Convenio Abc,Vigente,True,2023-10-13,2023-10-02,Diego Alejandro Valencia Rivero (Telf: 4299380),,Cochabamba,NB-SABS (D.S.0181)
23-0903-06-1372657-1-1,Servicio Departamental De Caminos  - Cochabamba,Bienes,CM,Compra De Lubricantes Aceites Y Grasa Para Equipos Pesado Y Liviano ( Convenio Abc),Vigente,False,2023-10-05,2023-10-02,Lizeth Rocio Chiri Aczama (Telf: 4299380),,Cochabamba,NB-SABS (D.S.0181)
23-0903-06-1372662-1-1,Servicio Departamental De Caminos  - Cochabamba,Bienes,ANPE,Compra De Repuestos Para La Unidad Chp-01 (Muelas) Del Proyecto Const. Pavimentado De Camino Pto. San Francisco – 14 De Septiembre (Fase Ii).,Vigente,True,2023-10-09,2023-10-02,Diego Alejandro Valencia Rivero (Telf: 4299380),,Cochabamba,NB-SABS (D.S.0181)
23-0903-06-1372669-1-1,Servicio Departamental De Caminos  - Cochabamba,Bienes,CM,Segunda Compra De Lubricantes Para Equipos De Residencia Suticollo,Vigente,False,2023-10-05,2023-10-02,Lizeth Rocio Chiri Aczama (Telf: 4299380),,Cochabamba,NB-SABS (D.S.0181)
23-0903-06-1372676-1-1,Servicio Departamental De Caminos  - Cochabamba,Bienes,CM,Compra De Lubricantes Restantes Para Residencia Pojo Gestion 2023,Vigente,False,2023-10-05,2023-10-02,Lizeth Rocio Chiri Aczama (Telf: 4299380),,Cochabamba,NB-SABS (D.S.0181)
23-0903-06-1372718-1-1,Servicio Departamental De Caminos  - Cochabamba,Servicios Generales,CM,Provisión De Mano De Obra Para La Conservación Vial Manual De La Ruta 4101 ( Sacaba - Sapanani ),Vigente,False,2023-10-05,2023-10-02,Lizeth Rocio Chiri Aczama (Telf: 4299380),,Cochabamba,NB-SABS (D.S.0181)
23-0903-06-1372728-1-1,Servicio Departamental De Caminos  - Cochabamba,Servicios Generales,ANPE,Mantenimiento De Pavimento Rigido Ruta Departamental 4301 (Parotani -Capinota),Vigente,True,2023-10-09,2023-10-02,Diego Alejandro Valencia Rivero (Telf: 4299380),,Cochabamba,NB-SABS (D.S.0181)
23-0903-06-1372868-1-1,Servicio Departamental De Caminos  - Cochabamba,Servicios Generales,CM,Reposicion De Empedrado Limpieza De Cunetas Y Alcantarillas En La Ruta 4406 : Totora - Buena Vista - Huanacuni - Omereque,Vigente,False,2023-10-05,2023-10-02,Lizeth Rocio Chiri Aczama (Telf: 4299380),,Cochabamba,NB-SABS (D.S.0181)
23-0906-00-1364035-0-E,Gobierno Autónomo Departamental De Tarija,Bienes,CD,Adquisición De Combustible (Diésel Y Gasolina) Para El Programa De Apoyo Al Desarrollo Socio Productivo,Contratado,False,,2023-10-02,Antonio Marcelo Casso Nieva (Telf: .),,Tarija,NB-SABS (D.S.0181)
23-0906-00-1372705-1-1,Gobierno Autónomo Departamental De Tarija,Bienes,CM,Adquisición De Factor Viii De Coagulación A Solicitud De Susat,Vigente,False,2023-10-05,2023-10-02,Antonio Marcelo Casso Nieva (Telf: .),,Tarija,NB-SABS (D.S.0181)
23-0908-06-1372589-1-1,Servicio Departamental De Salud Beni,Bienes,ANPP,“Adquisicion De Dos Camioneta 4x4 Doble Cabina Para Uso Institucional Del Servicio Departamental Del Beni – Sedes Beni”,Vigente,True,2023-10-12,2023-10-02,Michelly Claudia Villavicencio Gumucio (Telf: 4621199),,Beni,NB-SABS (D.S.0181)
23-0908-06-1372603-1-1,Servicio Departamental De Salud Beni,Bienes,ANPE,“Adquisicion De Una Camioneta 4x4 Doble Cabina Para Uso En Las Actividades Operativas Del Programa Enfermedades Transmitidas Por Vectores Dependiente Del Sedes Beni”,Vigente,True,2023-10-06,2023-10-02,Michelly Claudia Villavicencio Gumucio (Telf: 4621199),,Beni,NB-SABS (D.S.0181)
23-1115-00-1368496-1-3,Gobierno Autonomo Municipal De Monteagudo,Consultoria,OF,Auditoria Externa Financiera Del Proyecto Forestación Y Reforestación  De La Microcuenca El Tabacal,Vigente,False,2023-10-20,2023-10-02,Nelson Emilio Salas Palenque (Telf: 6472224),,Chuquisaca,Otra Normativa especifica nacional
23-1115-00-1372864-1-1,Gobierno Autonomo Municipal De Monteagudo,Bienes,ANPE,Adquisición De Pupitres Unipersonales Para La Unidad Educativa Raquel Loayza De Esprella Del Municipio De Monteagudo,Vigente,True,2023-10-10,2023-10-02,Nelson Emilio Salas Palenque (Telf: 6472224),,Chuquisaca,NB-SABS (D.S.0181)
23-1126-00-1372345-1-1,Gobierno Autonomo Municipal De Villa Vaca Guzman,Bienes,ANPE,Adquisición De Alimentos Complementarios Nutricional “Nutribebe” Municipio Villa Vaca Guzmán Gestión 2023,Vigente,True,2023-10-06,2023-10-02,Roiber Salazar Mendez (Telf: 046479234),,Chuquisaca,NB-SABS (D.S.0181)
23-1201-00-1372714-0-E,Gobierno Autonomo Municipal De La Paz,Obras,CD,Construcción Encarpetado Y Obras Complementarias Calle A Entre Calle Final Avaroa Y Calle A Zona 23 De Marzo La Hoyada,Contratado,False,,2023-10-02,Ibis Guardia Rocha (Telf: 2650000),,La Paz,NB-SABS (D.S.0181)
23-1201-00-1372865-1-1,Gobierno Autonomo Municipal De La Paz,Bienes,ANPE,Adquisicion De Camaras De Videovigilancia Y Otros Para Unidades Eductivas Del Distrito 13 Subalcaldia Periferica Gestion 2023,Vigente,True,2023-10-09,2023-10-02,David Andaluz Vasquez (Telf: 2650000),,La Paz,NB-SABS (D.S.0181)
23-1201-14-1372649-1-1,"Empresa Municipal De Areas Verde, Parques Y Forestacion - Emaverde",Bienes,CM,Compra De Material Metalico Para El Proyecto Construccion Enmallado Y Obras Complementarias Campo Deportivo Final Calle Las Gaviotas Zona Amor  De Dios Emv-23-2023,Vigente,False,2023-10-05,2023-10-02,Juli Daniela Rodriguez Canaviri (Telf: 2411692),,La Paz,NB-SABS (D.S.0181)
23-1204-00-1372786-1-1,Gobierno Autónomo Municipal Ecológico Productivo De Achocalla,Obras,ANPE,Construcción Red Matriz Principal De Alcantarillado Sanitario Urb. Tunasani-Tomatanka Y 6 De Agosto (D-6),Vigente,False,2023-10-09,2023-10-02,Jose Antonio Bautista Mamancusi (Telf: 2890084-2890084),,La Paz,NB-SABS (D.S.0181)
23-1205-00-1364948-2-1,Gobierno Autonomo Municipal De El Alto,Bienes,ANPP,Equip. Sub Alcaldia D-2 Distrital (Adq. Carro Cisterna),Vigente,True,2023-10-13,2023-10-02,Juan Wilfredo Cortez Quispe (Telf: 2829272 - 2829414),,La Paz,NB-SABS (D.S.0181)
23-1205-00-1372845-0-E,Gobierno Autonomo Municipal De El Alto,Obras,CD,Const. Tinglado Cancha Multiple Centro Union Achiri Distrito - 3,Contratado,False,,2023-10-02,Victoria Mendoza Mollo (Telf: 2829272 - 2829414),,La Paz,NB-SABS (D.S.0181)
23-1206-00-1372548-1-1,Gobierno Autonomo Municipal De Viacha,Bienes,CM,Const. Salon De Actos U.E. Choquenaira Com. Choquenaira D-3 (Adq. Material De Construccion Y Otros),Vigente,False,2023-10-05,2023-10-02,Erika Mendoza Canaviri (Telf: 2800006),,La Paz,NB-SABS (D.S.0181)
23-1222-00-1372751-1-1,Gobierno Autonomo Municipal De Ichoca,Bienes,CM,Equipamiento A Las Escuelas De Futbol Municipales Del Gobierno Autonomo Municipal De Ichoca,Vigente,False,2023-10-05,2023-10-02,Beymar Cruz Lima (Telf: 71180509 - 71932897),,La Paz,NB-SABS (D.S.0181)
23-1224-00-1371712-0-E,Gobierno Autonomo Municipal De Achacachi,Bienes,EX,Const. Bloque De Aulas U.E. Franz Tamayo Umacha (Adquisicion De Materiales),Contratado,False,,2023-10-02,Freddy Apaza Cruz (Telf: 2136503),,La Paz,NB-SABS (D.S.0181)
23-1224-00-1372227-0-E,Gobierno Autonomo Municipal De Achacachi,Bienes,EX,Const. Tanque De Almacenamiento De Agua Potable Comunidad Centro Wari - Warisata (Adquisicion De Materiales),Contratado,False,,2023-10-02,Freddy Apaza Cruz (Telf: 2136503),,La Paz,NB-SABS (D.S.0181)
23-1228-00-1372575-0-E,Gobierno Autonomo Municipal De Tacacoma,Bienes,CM,Mantenimiento Y Mejoramiento Puestos De Salud (Compra De Material De Construcción Muro Perimetral C.S. Pallayunga),Contratado,False,,2023-10-02,Darwin Joel Mamani Hualpino (Telf: 73511038),,La Paz,NB-SABS (D.S.0181)
23-1238-00-1372639-0-E,Gobierno Autonomo Municipal De Corocoro,Obras,CM,Elaboracion De Estudio Del Proyecto Construccion De Enlosetado Para Las Poblaciones De Corocoro Y Gral Jose Manuel Pando Municipio De Corocoro,Contratado,False,,2023-10-02,Viviana Paucara Calle (Telf: 67058890),,La Paz,NB-SABS (D.S.0181)
23-1248-00-1369999-1-2,Gobierno Autonomo Municipal De Carabuco,Bienes,CM,Adquisicion De Material De Construcción Para Internado U.E. Santiago De Okola,Vigente,False,2023-10-05,2023-10-02,Yesica Lizeth Sillo Ticona (Telf: 74038682 ),,La Paz,NB-SABS (D.S.0181)
23-1248-00-1372712-1-1,Gobierno Autonomo Municipal De Carabuco,Bienes,CM,Adq. De Material De Construccion Para Modulo Policial Carabuco,Vigente,False,2023-10-05,2023-10-02,Yesica Lizeth Sillo Ticona (Telf: 74038682 ),,La Paz,NB-SABS (D.S.0181)
23-1249-00-1371872-1-1,Gobierno Autonomo Municipal De Apolo,Obras,ANPP,Const. Puente Colgante Vehicular 3 De Mayo,Vigente,False,2023-10-13,2023-10-02,Marisol Ursula Chuquimia Quispe (Telf: 72005652),,La Paz,NB-SABS (D.S.0181)
23-1251-00-1365766-3-1,Gobierno Autonomo Municipal De Luribay,Bienes,ANPE,Const. 4 Aulas U.E. Vilacora Comunidad De Vilacora (Adquisición De Materiales - Obra Bruta),Vigente,True,2023-10-06,2023-10-02,Lusmila Yesenia Quiroz Colque (Telf: 74093569),,La Paz,NB-SABS (D.S.0181)
23-1252-00-1372294-1-1,Gobierno Autonomo Municipal De Sapahaqui,Bienes,ANPE,Adquisición De  Dos Sillones Odontologicos Para Los Centros De Salud De Sapahaqui Y Muruhuta,Vigente,True,2023-10-06,2023-10-02,Davi Flores Villca (Telf: 73090998),,La Paz,NB-SABS (D.S.0181)
23-1257-00-1372737-0-E,Gobierno Autonomo Municipal De Irupana (Villa De Lanza),Obras,EX,Const. Enmallado U.E Isquircani Municipio De Irupana,Contratado,False,,2023-10-02,Nelson Esteban Villca Vargas (Telf: 010-22136128),,La Paz,NB-SABS (D.S.0181)
23-1262-00-1372706-1-1,Gobierno Autonomo Municipal De Laja,Obras,ANPP,Mantenimiento Y Refaccion De Centro De Salud Laja,Vigente,False,2023-10-12,2023-10-02,Diego Adalid Acarapi Mejillones (Telf: -),,La Paz,NB-SABS (D.S.0181)
23-1269-00-1372624-0-E,Gobierno Autonomo Municipal De General Juan Jose Perez (Charazani),Consultoria,CM,Depuración De Cuentas Por Cobrar A Corto Plazo Y Otras Cuentas A Cobrar A Corto Plazo De Gestiones Anteriores,Contratado,False,,2023-10-02,Demetrio Mamani Quispe (Telf: ----),,La Paz,NB-SABS (D.S.0181)
23-1276-00-1372780-0-E,Gobierno Autonomo Municipal De Mapiri,Obras,EX,Const. Enmallado Unidad Educativa Sorata Ltda.,Contratado,False,,2023-10-02,Jhonny Quenta Colmena (Telf: 67033666),,La Paz,NB-SABS (D.S.0181)
23-1281-00-1372704-1-1,Gobierno Autonomo Municipal De Huarina,Bienes,ANPE,"Adquisición De Sillón Odontológico, Instalación De Sistema Eléctrico Y Conexiones De Sistema De Agua Potable Para El Centro De Salud Coromata Alta",Vigente,True,2023-10-06,2023-10-02,Froilan Adelio Balboa Quispe (Telf: 62534870),,La Paz,NB-SABS (D.S.0181)
23-1301-00-1372343-1-1,Gobierno Autonomo Municipal De Cochabamba,Servicios Generales,CM,Servicio De Seguimiento Y Control Brigadista Rsu 2,Vigente,False,2023-10-05,2023-10-02,Jimmy Alex Quispe Quispe (Telf: 4258103- 4425810-4258030),,Cochabamba,NB-SABS (D.S.0181)
23-1301-00-1372459-1-1,Gobierno Autonomo Municipal De Cochabamba,Servicios Generales,CM,Servicio De Seguimiento Y Control Coordinador Rsu,Vigente,False,2023-10-05,2023-10-02,Jorge Israel Amurrio Ortiz (Telf: 4258103- 4425810-4258030),,Cochabamba,NB-SABS (D.S.0181)
23-1301-00-1372715-0-E,Gobierno Autonomo Municipal De Cochabamba,Consultoria,CM,Contratación De Consultor Individual De Linea  Profesional De Salud 3 Servicio De Neunatologia 1 - Hospital Cochabamba,Contratado,False,,2023-10-02,Hamel Let Jacinto Ossa Lozada (Telf: 4258103- 4425810-4258030),,Cochabamba,NB-SABS (D.S.0181)
23-1301-00-1372726-0-E,Gobierno Autonomo Municipal De Cochabamba,Consultoria,CM,Contratación De Consultor Individual De Linea  Profesional De Salud 3 Servicio De Traumatologia 1 - Hospital Cochabamba,Contratado,False,,2023-10-02,Hamel Let Jacinto Ossa Lozada (Telf: 4258103- 4425810-4258030),,Cochabamba,NB-SABS (D.S.0181)
23-1301-00-1372769-1-1,Gobierno Autonomo Municipal De Cochabamba,Bienes,CM,Sensores Para Red Troncal Gateway - Dgeci,Vigente,False,2023-10-05,2023-10-02,Alessandra Duenhas Werberg (Telf: 4258103- 4425810-4258030),,Cochabamba,NB-SABS (D.S.0181)
23-1301-00-1372770-1-1,Gobierno Autonomo Municipal De Cochabamba,Obras,ANPE,Const. Graderias Lado Sur Cancha Multiple Mzo 870 J.V. Rio Seco D9,Vigente,False,2023-10-06,2023-10-02,Marlene Rosario Arce Jimenez (Telf: 4258103- 4425810-4258030),,Cochabamba,NB-SABS (D.S.0181)
23-1301-00-1372790-1-1,Gobierno Autonomo Municipal De Cochabamba,Obras,ANPE,Mej. Parque Infantil Mzo 205 Mancomunidad 1ro De Mayo D9,Vigente,False,2023-10-06,2023-10-02,Marlene Rosario Arce Jimenez (Telf: 4258103- 4425810-4258030),,Cochabamba,NB-SABS (D.S.0181)
23-1301-00-1372794-1-1,Gobierno Autonomo Municipal De Cochabamba,Obras,ANPE,Mej.  De Cancha Multiple Mzo 619 Otb Villa De Oropeza D9,Vigente,False,2023-10-06,2023-10-02,Marlene Rosario Arce Jimenez (Telf: 4258103- 4425810-4258030),,Cochabamba,NB-SABS (D.S.0181)
23-1301-00-1372797-1-1,Gobierno Autonomo Municipal De Cochabamba,Servicios Generales,CM,Servicio De Seguimiento Y Control Brigadista Rsu 1,Vigente,False,2023-10-05,2023-10-02,Alessandra Duenhas Werberg (Telf: 4258103- 4425810-4258030),,Cochabamba,NB-SABS (D.S.0181)
23-1301-00-1372803-1-1,Gobierno Autonomo Municipal De Cochabamba,Servicios Generales,CM,Servicio De Seguimiento Y Control Brigadista Rsu 4,Vigente,False,2023-10-05,2023-10-02,Julia Andrea Melgar Coronado (Telf: 4258103- 4425810-4258030),,Cochabamba,NB-SABS (D.S.0181)
23-1301-00-1372805-1-1,Gobierno Autonomo Municipal De Cochabamba,Servicios Generales,CM,Contratación De Servicios Para El Mantenimiento De Bombas E.P. 340-0000-003,Vigente,False,2023-10-05,2023-10-02,Daniel Gonzales Zenteno (Telf: 4258103- 4425810-4258030),,Cochabamba,NB-SABS (D.S.0181)
23-1301-00-1372834-1-1,Gobierno Autonomo Municipal De Cochabamba,Servicios Generales,CM,Servicio De Seguimiento Y Control Brigadista Rsu3,Vigente,False,2023-10-05,2023-10-02,Vladimir Valdivia Merida (Telf: 4258103- 4425810-4258030),,Cochabamba,NB-SABS (D.S.0181)
23-1302-00-1367022-1-2,Gobierno Autonomo Municipal De Quillacollo,Obras,LP,"Implem. Plan De Cierre Tecnico, Clausura Y Saneamiento Ambiental Para El Botadero De Quillacollo",Vigente,False,2023-10-24,2023-10-02,Maria Luz Bojorjes Flores (Telf: 4260095),,Cochabamba,NB-SABS (D.S.0181)
23-1302-00-1371775-0-E,Gobierno Autonomo Municipal De Quillacollo,Obras,EX,Mej. Mini Coliseo Junta Vecinal Villa Urkupiña D-6,Contratado,False,,2023-10-02,Linda Soraida Navia Ramos (Telf: 4260095),,Cochabamba,NB-SABS (D.S.0181)
23-1313-00-1372414-1-1,Gobierno Autonomo Municipal De Colomi,Bienes,ANPP,Provisión De Alimentación Complementaria - Desayuno Escolar Raciones Liquida Y Solida Gestión 2023 (Segunda Compra),Vigente,True,2023-10-12,2023-10-02,Vanessa Torrico Villarroel (Telf: 4340640),,Cochabamba,NB-SABS (D.S.0181)
23-1314-00-1372722-1-1,Gobierno Autonomo Municipal De Villa Tunari,Servicios Generales,CM,"Contratacion De Servicio De Mano De Obra Para El Mantenimiento Del Bloque Cocina,Comedor Y Lavanderia Del Hospital San Francisco De Asis.",Vigente,False,2023-10-05,2023-10-02,Luz Clarita Villarroel Torrico (Telf: 44136521 ),,Cochabamba,NB-SABS (D.S.0181)
23-1314-00-1372767-1-1,Gobierno Autonomo Municipal De Villa Tunari,Bienes,ANPE,Anpe 060-2023 Adquisicion De Equipamiento Educativo Para Bachillerato Tecnico Humanistico Bth Especialidad Mecanica Automotriz,Vigente,True,2023-10-06,2023-10-02,Silber Soto Mamani (Telf: 44136521 ),,Cochabamba,NB-SABS (D.S.0181)
23-1323-00-1371146-1-1,Gobierno Autonomo Municipal De Sacabamba,Bienes,ANPE,Adquisición De Medicamentos E Insumos Tercer Cuatrimestre Gestión 2023 G.A.M. Sacabamba,Vigente,True,2023-10-10,2023-10-02,Dania Herrera Garcia (Telf: 67405861),,Cochabamba,NB-SABS (D.S.0181)
23-1324-00-1372626-1-1,Gobierno Autonomo Municipal De Cliza,Bienes,ANPE,Adquisicion De Insumos Odontológicos Para La Ley Nº 1152 “Hacia El Sistema Único De Salud Universal Y Gratuito” Gestión 2023,Vigente,True,2023-10-06,2023-10-02,Carolina Ayala Rojas (Telf: 4575029 - 4575448),,Cochabamba,NB-SABS (D.S.0181)
23-1328-00-1372650-0-E,Gobierno Autonomo Municipal De Santivanez,Consultoria,CM,Consultor Individual De Linea Profesional Ii Maquinaria Pesada Y Combustible - Gestion 2023,Contratado,False,,2023-10-02,Richard Vegamonte Marquina (Telf: 4780041),,Cochabamba,NB-SABS (D.S.0181)
23-1328-00-1372673-0-E,Gobierno Autonomo Municipal De Santivanez,Consultoria,CM,Consultor Individual De Linea Tecnico I Topografo - Gestion 2023,Contratado,False,,2023-10-02,Richard Vegamonte Marquina (Telf: 4780041),,Cochabamba,NB-SABS (D.S.0181)
23-1328-00-1372739-0-E,Gobierno Autonomo Municipal De Santivanez,Consultoria,CM,Consultor Individual De Linea Profesional I Educacion Y Comunicacion - Gestion 2023,Contratado,False,,2023-10-02,Richard Vegamonte Marquina (Telf: 4780041),,Cochabamba,NB-SABS (D.S.0181)
23-1328-00-1372748-0-E,Gobierno Autonomo Municipal De Santivanez,Consultoria,CM,Consultor Individual De Linea Profesional I Proyectista,Contratado,False,,2023-10-02,Richard Vegamonte Marquina (Telf: 4780041),,Cochabamba,NB-SABS (D.S.0181)
23-1331-00-1372724-0-E,Gobierno Autonomo Municipal De Totora,Consultoria,CM,Consultor Individual De Linea Comunicador Y Protocolo,Contratado,False,,2023-10-02,Ariel Limachi Mora (Telf: 4341002-4136464-4341240),,Cochabamba,NB-SABS (D.S.0181)
23-1331-00-1372781-0-E,Gobierno Autonomo Municipal De Totora,Consultoria,CM,Consultor Individual De Linea: Auxiliar De Recaudaciones Y Tramites,Contratado,False,,2023-10-02,Ariel Limachi Mora (Telf: 4341002-4136464-4341240),,Cochabamba,NB-SABS (D.S.0181)
23-1345-00-1370434-1-1,Gobierno Autonomo Municipal De Entre Rios Cbba,Bienes,ANPP,Adquisicion De Medicamentos E Insumos Para El Servicio De Especialidad Del Hospital Entre Rios,Vigente,True,2023-10-13,2023-10-02,Wilmer Combata Canaviri (Telf: 44136175),,Cochabamba,NB-SABS (D.S.0181)
23-1345-00-1371450-1-1,Gobierno Autonomo Municipal De Entre Rios Cbba,Servicios Generales,CM,Adquisicion De Recibos Recetarios Para Los Centros De Salud Y Para El Hospital Entre Rios,Vigente,False,2023-10-05,2023-10-02,Wilmer Combata Canaviri (Telf: 44136175),,Cochabamba,NB-SABS (D.S.0181)
23-1346-00-1372566-1-1,Gobierno Autonomo Municipal De Cocapata,Bienes,CM,Compra De Luminarias Led Material Electrico Para El Mantenimiento De Alumbrado Publico Comunidades Municipio Cocapata Segundo Semestre De La Gestion 2023,Vigente,False,2023-10-05,2023-10-02,Jhonny Barrionuevo Mejia (Telf: 4368962),,Cochabamba,NB-SABS (D.S.0181)
23-1346-00-1372574-1-1,Gobierno Autonomo Municipal De Cocapata,Bienes,CM,"Compra De Equipos De Computacion Cpu De Escritorio, Laptop Portatil, Impresoras, Teclados Y Mouse Para Las Diferentes Direcciones Y Unidades Del G.A.M Cocapata",Vigente,False,2023-10-05,2023-10-02,Jhonny Barrionuevo Mejia (Telf: 4368962),,Cochabamba,NB-SABS (D.S.0181)
23-1401-03-1371335-1-1,Secretaria Municipal De Salud Integral Y Deportes,Bienes,ANPE,Adquisicion De Medicamento Trimestral Para El Centro De Salud Verde Uno,Vigente,True,2023-10-06,2023-10-02,John Rudy Machaca Capriles (Telf: 52-50022),,Oruro,NB-SABS (D.S.0181)
23-1402-00-1372388-1-1,Gobierno Autonomo Municipal De Caracollo,Bienes,CM,Servicio De Salud Universal Y Gratuita Sus - Adquisición De Pastas Dentales Cepillo Dental Para El Beneficiario De La Ley 1152 Sus Para El Municipio De Caracollo 2023,Vigente,False,2023-10-05,2023-10-02,Charles Rufo Gaspar Ramos (Telf: 25290005),,Oruro,NB-SABS (D.S.0181)
23-1404-00-1372585-1-1,Gobierno Autonomo Municipal De Challapata,Obras,ANPE,Const. De Cordones De Acera - Zona Villa Primero De Mayo Poblacion Cruce Culta,Vigente,False,2023-10-09,2023-10-02,Simeon Chambi Flores (Telf: 5572250),,Oruro,NB-SABS (D.S.0181)
23-1406-00-1371956-1-1,Gobierno Autonomo Municipal De Huanuni (Villa Huanuni),Bienes,CM,Adquisicion De Repuestos Y Accesorios Para Volqueta Camc Y Camion Roll On/Off,Vigente,False,2023-10-05,2023-10-02,Wlfredo Simeon Tola Canaviri (Telf: 5520585),,Oruro,NB-SABS (D.S.0181)
23-1501-00-1359938-2-1,Gobierno Autonomo Municipal De Potosi,Obras,LP,Const. Centro De Salud Integral Potosi,Vigente,False,2023-10-23,2023-10-02,Erick Roger Peredo Cabrera (Telf: 6223140),,Potosi,NB-SABS (D.S.0181)
23-1501-00-1371242-1-1,Gobierno Autonomo Municipal De Potosi,Obras,LP,Ampl. Hospital De Segundo Nivel San Roque,Vigente,False,2023-10-23,2023-10-02,Erick Roger Peredo Cabrera (Telf: 6223140),,Potosi,NB-SABS (D.S.0181)
23-1513-00-1372617-0-E,Gobierno Autonomo Municipal De Pocoata,Obras,CD,Const. De Cancha De Futbol En La Comunidad Suki,Contratado,False,,2023-10-02,Pocoata Gobierno Autonomo Municipal (Telf: cel 72364078),,Potosi,NB-SABS (D.S.0181)
23-1514-00-1372102-1-1,Gobierno Autonomo Municipal De Ocuri,Bienes,ANPE,"Servicios De Salud Universal Y Gratuita - Sus ( ""Adquisicion De Medicamentos E Insumos - Ley 1152 Sus - Para El Hospital De Segundo Nivel San Salvador Del Municipio De Ocuri"" )",Vigente,True,2023-10-09,2023-10-02,Sabino Pacheco Baltazar (Telf: 74259994),,Potosi,NB-SABS (D.S.0181)
23-1514-00-1372696-1-1,Gobierno Autonomo Municipal De Ocuri,Bienes,CM,Construccion Obras De Arte Camino Maragua Chipas (Adquisicion De Tubos De Hormigon Armado De 600 Mm  * 1000 Mm De Alto),Vigente,False,2023-10-05,2023-10-02,Sabino Pacheco Baltazar (Telf: 74259994),,Potosi,NB-SABS (D.S.0181)
23-1516-00-1372792-1-1,Gobierno Autonomo Municipal De Toro Toro,Servicios Generales,LP,Programa Integral De Seguros Para El Gobierno Autónomo Municipal De Torotoro Gestión 2023-2024,Vigente,False,2023-10-23,2023-10-02,Miriam Roxana Delgado Peña (Telf: 71730654),,Potosi,NB-SABS (D.S.0181)
23-1517-00-1372614-1-1,Gobierno Autonomo Municipal De Cotagaita,Obras,ANPE,Apert. Camino Vecinal Tramo Tablaya Palca – Pillahuani Pampa,Vigente,False,2023-10-06,2023-10-02,Katherin Yessica Aguilar Avalos (Telf: 06949155),,Potosi,NB-SABS (D.S.0181)
23-1517-00-1372752-1-1,Gobierno Autonomo Municipal De Cotagaita,Obras,ANPE,Refac. Unidad Educativa Nueva Esperanza De Palca Lili,Vigente,False,2023-10-06,2023-10-02,Katherin Yessica Aguilar Avalos (Telf: 06949155),,Potosi,NB-SABS (D.S.0181)
23-1529-00-1353039-2-1,"Gobierno Autonomo Municipal De Caiza ""D""",Obras,ANPE,Const. Salón Multifuncional Comunidad Garnica,Vigente,False,2023-10-06,2023-10-02,Gonzalo Zegarra Cruz (Telf: 26136357),,Potosi,NB-SABS (D.S.0181)
23-1537-00-1372573-0-E,Gobierno Autonomo Municipal De Villazon,Consultoria,EX,"Contratación De Supervisor De Obra Proyecto ""Const. De Apriscos Tipo Cobertizo Para Ganado Mayor Y Menor En Comunidades Del Municipio De Villazón""",Contratado,False,,2023-10-02,Mirian Mariela Carrillo Soza (Telf: 5972119),,Potosi,NB-SABS (D.S.0181)
23-1537-00-1372776-1-1,Gobierno Autonomo Municipal De Villazon,Bienes,CM,"Adquisicion De Proyectores Interactivos Para Las Unidades Educativas Marcelo Quiroga Santa Cruz ""A"" Y ""B"" Del Municipio De Villazon (Equipamiento U. E. Area Urbana Y Dispersa)",Vigente,False,2023-10-09,2023-10-02,Mirian Mariela Carrillo Soza (Telf: 5972119),,Potosi,NB-SABS (D.S.0181)
23-1609-00-1366605-1-2,Gobierno Autonomo Municipal De San Lorenzo -  Tarija,Bienes,ANPP,Adquisición De Insumos Para Proyecto Fortalecimiento De Capacidades En Producción De Tomate En Comunidades Del Municipio De San Lorenzo Departamento De Tarija,Vigente,True,2023-10-13,2023-10-02,Patricia Diaz Franco (Telf: 6641018),,Tarija,NB-SABS (D.S.0181)
23-1701-05-1371766-0-E,Concejo Municipal Del Gobierno Autónomo Municipal De Santa Cruz,Servicios Generales,CD,"Servicio De Logística Para La Realización Del Acto Protocolar En Conmemoración A Los 213 Años De Gesta Libertaria Del Departamento De Santa Cruz De La Sierra Del Concejo Municipal De Santa Cruz De La Sierra, Gestión 2023 Protocolo",Contratado,False,,2023-10-02,Mayerline Bell Ramos (Telf: 371-5400  371-5454  333-3438),,Santa Cruz,NB-SABS (D.S.0181)
23-1702-00-1372578-0-E,Gobierno Autonomo Municipal De Cotoca,Obras,CD,Refaccion Y Adecuacion Oficinas Jefatura De Cultura Y Sala De Prensa,Contratado,False,,2023-10-02,Iris Lisbel Azogues Aponte (Telf: 3882547),,Santa Cruz,NB-SABS (D.S.0181)
23-1703-00-1351151-2-1,Gobierno Autonomo Municipal De Ayacucho (Porongo),Bienes,ANPE,Adquisicion De Material De Limpieza Para Las Unidades Educativas Gestion 2023,Vigente,True,2023-10-09,2023-10-02,Kevin Paul Vargas Rivero (Telf: 3888227),,Santa Cruz,NB-SABS (D.S.0181)
23-1703-00-1372332-1-1,Gobierno Autonomo Municipal De Ayacucho (Porongo),Obras,ANPP,Const. Pavimento Ceramico En La Plaza Principal De La Comunidad Luquillas,Vigente,False,2023-10-13,2023-10-02,Damarys Gonzales Fernandez (Telf: 3888227),,Santa Cruz,NB-SABS (D.S.0181)
23-1704-00-1372594-0-E,Gobierno Autonomo Municipal De La Guardia,Obras,EX,Const. Direccion Y Baño U.E. Maria Del Pilar,Contratado,False,,2023-10-02,Johanna Fernandez Flores (Telf: 33557247),,Santa Cruz,NB-SABS (D.S.0181)
23-1704-00-1372789-1-1,Gobierno Autonomo Municipal De La Guardia,Obras,ANPP,"Mant. Calles Barrio Ebenecer Iii, Triunfo, Urb El Carmen, Salvago, El Carmen, San Antonio, Vargas, 4 De Marzo Y Picapiedra D- 3c",Vigente,False,2023-10-13,2023-10-02,Fabiola Diaz Rosado (Telf: 33557247),,Santa Cruz,NB-SABS (D.S.0181)
23-1723-00-1367620-1-2,Gobierno Autonomo Municipal De Camiri,Bienes,ANPE,Tercera Compra Trimestral De Insumos Para El Hospital Municipal Camiri,Vigente,True,2023-10-06,2023-10-02,Miguel Angel Martinez Padilla (Telf: 952-2330/952-2451),,Santa Cruz,NB-SABS (D.S.0181)
23-1723-00-1367649-1-2,Gobierno Autonomo Municipal De Camiri,Bienes,ANPE,Segunda Compra De Insumos Para El Almacen De La Farmacia Institucional Municipal De Referencia Fim-R,Vigente,True,2023-10-06,2023-10-02,Miguel Angel Martinez Padilla (Telf: 952-2330/952-2451),,Santa Cruz,NB-SABS (D.S.0181)
23-1724-00-1372605-1-1,Gobierno Autonomo Municipal De Boyuibe,Bienes,CM,Adquisición De Complemento Nutricional (Carmelo) Para El C.S Fray Leon Biaggini Y Sus Postas,Vigente,False,2023-10-06,2023-10-02,Leydi Maritza Viveros Guzman (Telf: 6477126),,Santa Cruz,NB-SABS (D.S.0181)
23-1749-00-1372565-1-1,Gobierno Autonomo Municipal De San Antonio De Lomerio,Bienes,CM,"""Adquisición De Material De Limpieza Para El Centro De Salud Del Municipio De San Antonio De Lomerio, Ley 1152 Sus""",Vigente,False,2023-10-05,2023-10-02,Miguel Antonio Suarez Chamo (Telf: 39802064 ),,Santa Cruz,NB-SABS (D.S.0181)
23-1749-00-1372601-1-1,Gobierno Autonomo Municipal De San Antonio De Lomerio,Bienes,CM,"""Adquisición De Material De Escritorio Para El Centro De Salud Del Municipio De San Antonio De Lomerio. """,Vigente,False,2023-10-05,2023-10-02,Miguel Antonio Suarez Chamo (Telf: 39802064 ),,Santa Cruz,NB-SABS (D.S.0181)
23-1752-00-1372738-1-1,Gobierno Autonomo Municipal De San Juan,Bienes,ANPE,Adquisicion De Contador Hematologico Para El Centro De Salud San Juan,Vigente,True,2023-10-06,2023-10-02,Laymen Subirana Lobo (Telf: 9347105 - 67702000),,Santa Cruz,NB-SABS (D.S.0181)
23-1755-00-1366673-2-1,Gobierno Autonomo Municipal De Cuatro Canadas,Bienes,ANPE,Adquisicion De Instrumentos Musicales Para Las Bandas Escolares De Las Unidades Educativas – Municipio De Cuatro Cañadas,Vigente,True,2023-10-06,2023-10-02,Limber Vargas Guevara (Telf: 9656315),,Santa Cruz,NB-SABS (D.S.0181)
23-1801-00-1368121-1-1,Gobierno Autonomo Municipal De Santisima Trinidad,Bienes,CM,Adquisicion De Complementos Nutricionales Correspondiente Al Sistema Unico De Salud (S.U.S) Para El Centro De Salud Villa Vecinal Gestion 2023,Vigente,False,2023-10-05,2023-10-02,"Eulis Cuellar Cardona (Telf: 4621477, 4621322)",,Beni,NB-SABS (D.S.0181)
23-1801-00-1370641-1-1,Gobierno Autonomo Municipal De Santisima Trinidad,Bienes,CM,Adquisicion De Complementos Nutricionales Correspondiente Al Sistema Unico De Salud (S.U.S) Para El Centro De Salud Nueva Trinidad Gestion 2023,Vigente,False,2023-10-05,2023-10-02,"Eulis Cuellar Cardona (Telf: 4621477, 4621322)",,Beni,NB-SABS (D.S.0181)
23-1801-00-1372622-0-E,Gobierno Autonomo Municipal De Santisima Trinidad,Consultoria,CM,Consultor De Linea Profesional Iii Bioquimico Y Farmacia Tc F-2 En El Centro De Salud Pompeya,Contratado,False,,2023-10-02,"Karina Elena Arteaga Ribera (Telf: 4621477, 4621322)",,Beni,NB-SABS (D.S.0181)
23-1803-00-1372847-1-1,Gobierno Autonomo Municipal De Riberalta,Obras,ANPP,"Infraestructura Productiva (Contruccion De Un Vivero Municipal) Para El Proyecto “Produccion Y Plantacion Agroforestal Tecnificado Con Frutos Amazonicos, Como Iniciativa De Desarrollo Socioeconomico En Comunidades Campesinas Del Municipio De Riberalta Gestion 2023",Vigente,False,2023-10-12,2023-10-02,Julio Cesar Chavez Marigua (Telf: 8522417),,Beni,NB-SABS (D.S.0181)
23-1808-00-1372692-1-1,Gobierno Autonomo Municipal De San Borja,Bienes,CM,Compra De De Una Motocicleta Multiproposito Para El Centro De Salud Galilea (Municpio De San Borja),Vigente,False,2023-10-05,2023-10-02,Jorge Jhasmany Villamor Rivero (Telf: (3) 38953328 - 38953324),,Beni,NB-SABS (D.S.0181)
23-1808-00-1372709-1-1,Gobierno Autonomo Municipal De San Borja,Obras,ANPP,"Provision Y Colocado Piso Deportivo Pvc ""Coliseo Cristian Fresard Joli"" Municipio De San Borja",Vigente,False,2023-10-13,2023-10-02,Jorge Jhasmany Villamor Rivero (Telf: (3) 38953328 - 38953324),,Beni,NB-SABS (D.S.0181)
23-1810-00-1372570-0-E,Gobierno Autonomo Municipal De Santa Ana,Obras,CD,Refacción Y Mantenimiento De La Plaza Principal Perú Río Apere Del Municipio De Santa Ana,Contratado,False,,2023-10-02,Flavia Darlina Tonore Cholima (Telf: 34842062),,Beni,NB-SABS (D.S.0181)
23-1810-00-1372580-0-E,Gobierno Autonomo Municipal De Santa Ana,Obras,CD,Refacción Y Mantenimiento De La Plaza Principal Del Municipio De Santa Ana,Contratado,False,,2023-10-02,Flavia Darlina Tonore Cholima (Telf: 34842062),,Beni,NB-SABS (D.S.0181)
23-1810-00-1372588-0-E,Gobierno Autonomo Municipal De Santa Ana,Obras,CD,Mantenimiento Y Refacción Del Salón Municipal Del Municipio De Santa Ana,Contratado,False,,2023-10-02,Flavia Darlina Tonore Cholima (Telf: 34842062),,Beni,NB-SABS (D.S.0181)
23-1908-00-1371026-0-E,Gobierno Autonomo Municipal De Puerto Gonzalo Moreno,Obras,CD,"""Refacción Y Adecuación Bateria De Baño Para El Comando Provincial De La Policía Gonzalo Moreno – Municipio De Puerto Gonzalo Moreno""",Contratado,False,,2023-10-02,Mario Enrique Echalar Furrer (Telf: 67667355),,Pando,NB-SABS (D.S.0181)
23-2303-00-1367827-2-1,Empresa Municipal De Areas Verdes Y Recreacion Alternativa - Emavra,Bienes,ANPE,Adquisicion De Ferricos Y Otros Para El Proyecto Mej. Area Verde Parque Del Arquitecto Mz. 048 Otb Bajo Aranjuez D.12,Vigente,True,2023-10-09,2023-10-02,Gabriela Cruz Ramirez (Telf: 4448430),,Cochabamba,NB-SABS (D.S.0181)
23-2303-00-1372429-1-1,Empresa Municipal De Areas Verdes Y Recreacion Alternativa - Emavra,Bienes,CM,Adquisicion De Hidraulico-Plomeria Para El Proyecto Mej. Areas Verdes Pq. Rico Toro Otb Queru Queru Central D.12.,Vigente,False,2023-10-05,2023-10-02,Tedy Sandro Corrales Suarez (Telf: 4448430),,Cochabamba,NB-SABS (D.S.0181)
23-2303-00-1372680-1-1,Empresa Municipal De Areas Verdes Y Recreacion Alternativa - Emavra,Bienes,ANPE,Adquisicion De Fotovoltaico Para El Proyecto Mej. Area Verde Parque Del Arquitecto Mz. 048 Otb Bajo Aranjuez D.12,Vigente,True,2023-10-09,2023-10-02,Gabriela Cruz Ramirez (Telf: 4448430),,Cochabamba,NB-SABS (D.S.0181)
23-2303-00-1372708-1-1,Empresa Municipal De Areas Verdes Y Recreacion Alternativa - Emavra,Bienes,ANPE,Adquisicion Pavimento Drenante Para El Proyecto Mej. Area Verde C/Tutayay Otb Anexo Colon D2,Vigente,True,2023-10-09,2023-10-02,Gabriela Cruz Ramirez (Telf: 4448430),,Cochabamba,NB-SABS (D.S.0181)
23-2312-00-1372586-1-1,Empresa Municipal De Agua Potable Y Alcantarillado Viacha - Emapav,Bienes,CM,Adquisicion De Materiales Para Ampliacion De Redes De Agua Potable Y Mantenimiento Preventivo En El Municipio De Viacha,Vigente,False,2023-10-05,2023-10-02,Ariel Silva Aruquipa (Telf: 2800514),,La Paz,NB-SABS (D.S.0181)
23-2324-00-1372606-1-1,Entidad Obras Publicas Municipales De Tarija,Bienes,CM,Adquisicion De Compactador Saltarin,Vigente,False,2023-10-05,2023-10-02,Carola Gema Rivas Pacheco (Telf: 46667794),,Tarija,NB-SABS (D.S.0181)
23-3402-00-1372564-1-1,Gobierno Autonomo Indigena Originario Campesino De Salinas,Obras,ANPE,Const. Muro Perimetral Posta De Salud U.T.D. Marka Villa Esperanza,Vigente,False,2023-10-05,2023-10-02,Rene Fernando Ventura Vallejos (Telf: 71101557),,Oruro,NB-SABS (D.S.0181)
23-4601-02-1370776-1-1,Gobierno Autonomo Regional Del Gran Chaco - Carapari,Servicios Generales,LP,"Contratación De Seguros Contra Todo Tipo De Riesgo Para Automotores, Equipo Y Maquinaria De Contratista Y Avería De Maquinaria Para El Sereca - Carapari",Vigente,False,2023-10-24,2023-10-02,Oscar Guido Quisbert  (Telf: 46136225),,Tarija,NB-SABS (D.S.0181)
